id,icon,name,color,desc,instruction,getype,type,level,priority,canuse,dropid,getypeId,debris
int,int,string,int,string,string,string,int,int,int,int,string,string,string
id号,图标id,名称,品质颜色,描述,说明,获取途径文本,类型,神器等级,优先级,是否可以使用,掉落组,获取途径链接,碎片ID
60001,60001,金币,5,货币,可用于圣纹的洗练,冒险、攻防、每日任务,6,0,1,0,,-1,
60002,60002,圣纹能量,5,货币,可用于圣纹强化,冒险、挂机、关卡宝箱、攻防、失落神殿、每日任务,6,0,1,0,,-1,
60003,60003,魔能,5,货币,可用于魔魂强化,冒险、生产、签到、竞技场,6,0,1,0,,-1,
60004,60004,荣誉徽章,5,货币,可用于兑换竞技场商店物品,竞技场,6,0,1,0,,-1,
60005,60005,正义徽章,5,货币,可用于兑换失落神殿商店物品,失落神殿,6,0,1,0,,-1,
60006,60006,神器能量,5,货币,可用于神器强化,冒险、关卡宝箱、攻防、竞技场,6,0,1,0,,-1,
60007,60007,魔石（废置）,5,货币,可用于圣纹的洗练,,6,0,1,0,,-1,
60008,60008,钻石,5,货币,可用于购买物品和资源以及重置次数，祭拜等,充值、竞技场、失落神殿、金币、每日任务,6,0,1,0,,-1,
60009,60009,角色经验,5,货币,角色升级的经验值,,6,0,1,0,,-1,
60010,60009,公会贡献,5,货币,公会贡献,,6,0,1,0,,-1,
50001,50001,绿色符文包（废置）,2,符文大师生产的绿色符文包，谁也不知道里面有什么。,使用后将随机获得若干个生命、防御、攻击的一、二级符文。,奇珍商店、组队副本、失落神殿,5,0,3,0,,1;2;3,
50002,50002,蓝色符文包（废置）,3,符文大师生产的蓝色符文包，谁也不知道里面有什么。,使用后将随机获得若干个生命、防御、攻击的三级符文。,奇珍商店、组队副本、失落神殿,5,0,3,0,,1;2;3,
50003,50003,紫色符文包（废置）,4,符文大师生产的紫色符文包，谁也不知道里面有什么。,使用后将随机获得若干个全属性的三级符文。,奇珍商店、组队副本、失落神殿,5,0,3,0,,1;2;3,
50004,50004,白色材料箱（废置）,1,一个精心打造的宝箱，不过里面的东西好像不是很好的样子。,打开后可随机获得白色品质的道具：白纹石等。,奇珍商店、组队副本、失落神殿,5,0,3,1,,1;2;3,
50005,50005,绿色材料箱（废置）,2,一个精心打造的宝箱，里面似乎有一些还可以的东西。,打开后可随机获得绿色品质的道具：绿松石等。,奇珍商店、组队副本、失落神殿,5,0,3,1,[[30001;10000];[20001;10000]],1;2;3,
50006,50006,蓝色材料箱（废置）,3,一个精心打造的宝箱，里面的东西对人还是有一定的吸引力。,打开后可随机获得蓝色品质的道具：魔能石等。,奇珍商店、组队副本、失落神殿,5,0,3,1,[[30001;5000];[20001;5000];[30028;10000]],1;2;3,
50007,50007,紫色材料箱（废置）,4,一个精心打造的宝箱，里面装着很不错的东西哦。,打开后可随机获得紫色品质的道具：紫萤石等。,奇珍商店、组队副本、失落神殿,5,0,3,1,,1;2;3,
50008,50008,金色材料箱（废置）,5,一个精心打造的宝箱，里面的东西简直让人魂牵梦萦。,打开后可随机获得金色品质的道具：金曜石等。,奇珍商店、组队副本、失落神殿,5,0,3,1,,1;2;3,
50009,50009,卡牌卷轴・白（废置）,1,七贤者中的画贤者绘制的追随者卷轴，里面画着很差劲的种族生命。,打开后可随机获得一张白色品质的追随者。,奇珍商店、组队副本、失落神殿,5,0,3,1,,1;2;3,
50010,50010,卡牌卷轴・绿（废置）,2,七贤者中的画贤者绘制的追随者卷轴，里面画着比较差劲的种族生命。,打开后可随机获得一张绿色品质的追随者。,奇珍商店、组队副本、失落神殿,5,0,3,1,,1;2;3,
50011,50011,卡牌卷轴・蓝（废置）,3,七贤者中的画贤者绘制的追随者卷轴，里面画着中等强度的种族生命。,打开后可随机获得一张蓝色品质的追随者。,奇珍商店、组队副本、失落神殿,5,0,3,1,,1;2;3,
50012,50012,卡牌卷轴・紫（废置）,4,七贤者中的画贤者绘制的追随者卷轴，里面画着比较厉害的种族生命。,打开后可随机获得一张紫色品质的追随者。,奇珍商店、组队副本、失落神殿,5,0,3,1,,1;2;3,
50013,50013,卡牌卷轴・金（废置）,5,七贤者中的画贤者绘制的追随者卷轴，里面画着非常厉害的种族生命。,打开后可随机获得一张金色品质的追随者。,奇珍商店、组队副本、失落神殿,5,0,3,1,,1;2;3,
50014,50014,大型卡牌卷轴（废置）,5,七贤者中的画贤者绘制的追随者卷轴，里面画着数量较多的种族生命。,打开后可随机获得五张随机品质的追随者。,奇珍商店、组队副本、失落神殿,5,0,3,1,,1;2;3,
50015,50015,圣纹进阶石,1,充满魔法力量的魔法石，但是力量很薄弱，整块石头呈白色。,可用于圣纹的进阶。,组队副本、冒险、奇珍商店、失落神殿、探险,5,0,1,0,,1;2;3;4;5,
50016,50016,圣纹进阶石（废置）,2,充满魔法力量的魔法石，但是力量比较薄弱，整块石头呈绿色。,可用于黄品的圣纹进阶。,组队副本、冒险、奇珍商店、失落神殿、探险,5,0,1,0,,1;2;3;4;5,
50017,50017,圣纹进阶石（废置）,3,充满魔法力量的魔法石，但是力量相对普通，整块石头呈蓝色。,可用于玄品的圣纹进阶。,组队副本、冒险、奇珍商店、失落神殿、探险,5,0,1,0,,1;2;3;4;5,
50018,50018,圣纹进阶石（废置）,4,充满魔法力量的魔法石，但是力量比较充沛，整块石头呈紫色。,可用于地品的圣纹进阶。,组队副本、冒险、奇珍商店、失落神殿、探险,5,0,1,0,,1;2;3;4;5,
50019,50019,圣纹进阶石（废置）,5,充满魔法力量的魔法石，但是力量非常充沛，整块石头呈金色。,可用于天品的圣纹进阶。,组队副本、冒险、奇珍商店、失落神殿、探险,5,0,1,0,,1;2;3;4;5,
50020,50020,圣纹能量簇,4,天然结成的圣纹能量晶簇，听说只有千年以上年龄的大树可以将之分解。,在树妖活动中使用后树妖会产出一定数量的圣纹能量。,组队副本、冒险、奇珍商店、失落神殿,5,0,2,0,,1;3;4,
50021,50021,大圣纹能量簇（废置）,5,天然结成的圣纹能量大晶簇，听说只有千年以上年龄的大树可以将之分解。,在树妖活动中使用后树妖会产出一定数量的圣纹能量。,组队副本、冒险、奇珍商店、失落神殿,5,0,2,0,,1;3;4,
50022,50022,金币簇,4,天然结成的金币晶簇，听说只有千年以上年龄的大树可以将之分解。,在树妖活动中使用后树妖会产出一定数量的金币。,组队副本、冒险、奇珍商店、失落神殿,5,0,2,0,,1;3;4,
50023,50023,大金币簇（废置）,5,天然结成的金币大晶簇，听说只有千年以上年龄的大树可以将之分解。,在树妖活动中使用后树妖会产出一定数量的金币。,组队副本、冒险、奇珍商店、失落神殿,5,0,2,0,,1;3;4,
50024,50024,魔能簇,4,天然结成的魔能晶簇，听说只有千年以上年龄的大树可以将之分解。,在树妖活动中使用后树妖会产出一定数量的魔能。,组队副本、冒险、奇珍商店、失落神殿,5,0,2,0,,1;3;4,
50025,50025,大魔能簇（废置）,5,天然结成的魔能大晶簇，听说只有千年以上年龄的大树可以将之分解。,在树妖活动中使用后树妖会产出一定数量的魔能。,组队副本、冒险、奇珍商店、失落神殿,5,0,2,0,,1;3;4,
50026,50026,神器能量簇,4,天然结成的武金币簇，听说只有千年以上年龄的大树可以将之分解。,在树妖活动中使用后树妖会产出一定数量的神器能量。,组队副本、冒险、奇珍商店、失落神殿,5,0,2,0,,1;3;4,
50027,50027,大神器能量簇（废置）,5,天然结成的神器能量大晶簇，听说只有千年以上年龄的大树可以将之分解。,在树妖活动中使用后树妖会产出一定数量的神器能量。,组队副本、冒险、奇珍商店、失落神殿,5,0,2,0,,1;3;4,
50028,50028,魔魂突破玉,3,充满了灵魂之力的魔玉，听说可以用来强化勇者们的魔魂。,可用于魔魂的突破。,组队副本、冒险、奇珍商店、失落神殿、探险,5,0,1,0,,1;2;3;4;5,
50029,50029,金钥匙,5,产自异域之地的金钥匙，可以打开海外宝藏的金色宝箱。,用于组队副本活动打开金宝箱，每天0点清空，请及时使用。,组队副本,5,0,1,0,,-1,
50030,50030,荣誉徽章,5,大陆最大的竞技场颁发的徽章，彰示着持有人在竞技场中的赫赫英姿。,用于在竞技场商店中兑换物品。,竞技场,5,0,1,0,,-1,
50031,50031,正义徽章,5,在清除占领通天塔的时候获得的徽章，表彰了持有人的正义行为。,用于在爬塔商店中兑换物品。,失落神殿,5,0,1,0,,-1,
50032,50032,银钥匙,4,产自异域之地的银钥匙，可以打开海外宝藏的银色宝箱。,用于组队副本活动打开银宝箱，每天0点清空，请及时使用。,组队副本,5,0,1,0,,-1,
50033,50033,铜钥匙,3,产自异域之地的铜钥匙，可以打开海外宝藏的铜色宝箱。,用于组队副本活动打开铜宝箱，每天0点清空，请及时使用。,组队副本,5,0,1,0,,-1,
50034,50034,体力符文,5,七贤者中的魂贤者写下的符咒，相传具有起死回生的力量。,使用体力符文可以使追随者的寿命增加。,冒险、探险之地、奇珍商店,5,0,2,0,,1,
50035,50034,金箱子,5,,,50034,5,0,2,0,,-1,
50036,50034,银箱子,4,,,50034,5,0,2,0,,-1,
50037,50034,铜箱子,3,,,50034,5,0,2,0,,-1,
50038,50034,铁箱子,2,,,50034,5,0,2,0,,-1,
50039,50034,木箱子,1,,,50034,5,0,2,0,,-1,
50040,50019,黄金石,5,商店-远古神殿刷新使用,商店-远古神殿刷新使用,-1,5,0,2,0,,-1,
20001,20001,战技影袭1,1,仇杀者的文案描述,仇杀者的功能说明,远古神殿、神之宝库、关卡宝箱、每日任务,2,0,1,0,,-1,
20002,20002,魔技影袭1,2,仇杀者的文案描述,仇杀者的功能说明,远古神殿、神之宝库、关卡宝箱、每日任务,2,0,1,0,,-1,
20003,20003,王技影袭1,3,仇杀者的文案描述,仇杀者的功能说明,远古神殿、神之宝库、竞技场,2,0,1,0,,-1,
20004,20004,魔技影袭2,2,巫术法师的文案描述,巫术法师的功能说明,远古神殿、神之宝库、关卡宝箱、每日任务,2,0,1,0,,-1,
20005,20005,魔技影袭2,2,巫术法师的文案描述,巫术法师的功能说明,远古神殿、神之宝库、关卡宝箱、每日任务,2,0,1,0,,-1,
20006,20006,王技影袭2,3,巫术法师的文案描述,巫术法师的功能说明,远古神殿、神之宝库、竞技场,2,0,1,0,,-1,
20007,20007,圣技影袭2,5,巫术法师的文案描述,巫术法师的功能说明,远古神殿、神之宝库、竞技场,2,0,1,0,,-1,
20008,20008,战技绝影1,1,巫术毁灭者的文案描述,巫术毁灭者的功能说明,远古神殿、神之宝库、关卡宝箱、每日任务,2,0,1,0,,-1,
20009,20009,王技绝影1,3,巫术毁灭者的文案描述,巫术毁灭者的功能说明,远古神殿、神之宝库、竞技场,2,0,1,0,,-1,
20010,20010,圣技绝影1,5,巫术毁灭者的文案描述,巫术毁灭者的功能说明,远古神殿、神之宝库、竞技场,2,0,1,0,,-1,
20011,20011,魔技绝影2,2,鞭笞者的文案描述,鞭笞者的功能说明,远古神殿、神之宝库、关卡宝箱、每日任务,2,0,1,0,,-1,
20012,20012,圣技绝影2,5,鞭笞者的文案描述,鞭笞者的功能说明,远古神殿、神之宝库、竞技场,2,0,1,0,,-1,
20013,20013,战技百裂斩1,1,末日领主的文案描述,末日领主的功能说明,远古神殿、神之宝库、关卡宝箱、每日任务,2,0,1,0,,-1,
20014,20014,魔技百裂斩1,2,末日领主的文案描述,末日领主的功能说明,远古神殿、神之宝库、关卡宝箱、每日任务,2,0,1,0,,-1,
20015,20015,王技百裂斩1,3,末日领主的文案描述,末日领主的功能说明,远古神殿、神之宝库、竞技场,2,0,1,0,,-1,
20016,20016,王技百裂斩1,3,末日领主的文案描述,末日领主的功能说明,远古神殿、神之宝库、竞技场,2,0,1,0,,-1,
20017,20017,神技百裂斩1,4,末日领主的文案描述,末日领主的功能说明,远古神殿、神之宝库、竞技场,2,0,1,0,,-1,
20018,20018,圣技百裂斩1,5,末日领主的文案描述,末日领主的功能说明,远古神殿、神之宝库、竞技场,2,0,1,0,,-1,
20019,20019,战技百裂斩2,1,怨灵武士的文案描述,怨灵武士的功能说明,远古神殿、神之宝库、关卡宝箱、每日任务,2,0,1,0,,-1,
20020,20020,魔技百裂斩2,2,怨灵武士的文案描述,怨灵武士的功能说明,远古神殿、神之宝库、关卡宝箱、每日任务,2,0,1,0,,-1,
20021,20021,王技百裂斩2,3,怨灵武士的文案描述,怨灵武士的功能说明,远古神殿、神之宝库、竞技场,2,0,1,0,,-1,
20022,20022,神技百裂斩2,4,怨灵武士的文案描述,怨灵武士的功能说明,远古神殿、神之宝库、竞技场,2,0,1,0,,-1,
20023,20023,神技百裂斩3,4,暗鳞舞者的文案描述,暗鳞舞者的功能说明,远古神殿、神之宝库、竞技场,2,0,1,0,,-1,
20024,20024,圣技百裂斩3,5,暗鳞舞者的文案描述,暗鳞舞者的功能说明,远古神殿、神之宝库、竞技场,2,0,1,0,,-1,
20025,20025,战技绝影3,1,勇猛战士的文案描述,勇猛战士的功能说明,远古神殿、神之宝库、关卡宝箱、每日任务,2,0,1,0,,-1,
20026,20026,王技绝影3,3,勇猛战士的文案描述,勇猛战士的功能说明,远古神殿、神之宝库、竞技场,2,0,1,0,,-1,
20027,20027,圣技绝影3,5,勇猛战士的文案描述,勇猛战士的功能说明,远古神殿、神之宝库、竞技场,2,0,1,0,,-1,
20028,20028,战技绝影4,1,暴怒狂战士的文案描述,勇猛战士的功能说明,远古神殿、神之宝库、关卡宝箱、每日任务,2,0,1,0,,-1,
20029,20029,神技绝影4,4,暴怒狂战士的文案描述,暴怒狂战士的功能说明,远古神殿、神之宝库、竞技场,2,0,1,0,,-1,
20030,20030,圣技绝影4,5,暴怒狂战士的文案描述,暴怒狂战士的功能说明,远古神殿、神之宝库、竞技场,2,0,1,0,,-1,
20031,20031,战技暗影1,1,凛风剑客的文案描述,凛风剑客的功能说明,远古神殿、神之宝库、关卡宝箱、每日任务,2,0,1,0,,-1,
20032,20032,王技暗影1,3,凛风剑客的文案描述,凛风剑客的功能说明,远古神殿、神之宝库、竞技场,2,0,1,0,,-1,
20033,20033,战技轰焰1,1,神风剑神的文案描述,神风剑神的功能说明,远古神殿、神之宝库、关卡宝箱、每日任务,2,0,1,0,,-1,
20034,20034,魔技轰焰1,2,神风剑神的文案描述,神风剑神的功能说明,远古神殿、神之宝库、关卡宝箱、每日任务,2,0,1,0,,-1,
20035,20035,王技轰焰1,3,神风剑神的文案描述,神风剑神的功能说明,远古神殿、神之宝库、竞技场,2,0,1,0,,-1,
20036,20036,神技轰焰1,4,神风剑神的文案描述,神风剑神的功能说明,远古神殿、神之宝库、竞技场,2,0,1,0,,-1,
20037,20037,圣技轰焰1,5,神风剑神的文案描述,神风剑神的功能说明,远古神殿、神之宝库、竞技场,2,0,1,0,,-1,
20038,20038,战技影袭3,1,命运破碎者的文案描述,命运破碎者的功能说明,远古神殿、神之宝库、关卡宝箱、每日任务,2,0,1,0,,-1,
20039,20039,圣技影袭3,5,命运破碎者的文案描述,命运破碎者的功能说明,远古神殿、神之宝库、竞技场,2,0,1,0,,-1,
20040,20040,魔技影袭4,2,狼人勇士的文案描述,狼人勇士的功能说明,远古神殿、神之宝库、关卡宝箱、每日任务,2,0,1,0,,-1,
20041,20041,圣技影袭4,5,狼人勇士的文案描述,狼人勇士的功能说明,远古神殿、神之宝库、竞技场,2,0,1,0,,-1,
20042,20042,战技影袭5,1,巨魔先知的文案描述,巨魔先知的功能说明,远古神殿、神之宝库、关卡宝箱、每日任务,2,0,1,0,,-1,
20043,20043,魔技影袭5,2,巨魔先知的文案描述,巨魔先知的功能说明,远古神殿、神之宝库、关卡宝箱、每日任务,2,0,1,0,,-1,
20044,20044,王技影袭5,3,巨魔先知的文案描述,巨魔先知的功能说明,远古神殿、神之宝库、竞技场,2,0,1,0,,-1,
20045,20045,王技影袭5,3,巨魔先知的文案描述,巨魔先知的功能说明,远古神殿、神之宝库、竞技场,2,0,1,0,,-1,
20046,20046,神技影袭5,4,巨魔先知的文案描述,巨魔先知的功能说明,远古神殿、神之宝库、竞技场,2,0,1,0,,-1,
20047,20047,圣技影袭5,5,巨魔先知的文案描述,巨魔先知的功能说明,远古神殿、神之宝库、竞技场,2,0,1,0,,-1,
20048,20048,战技百裂斩4,1,熔岩讨伐者的文案描述,熔岩讨伐者的功能说明,远古神殿、神之宝库、关卡宝箱、每日任务,2,0,1,0,,-1,
20049,20049,王技百裂斩4,3,熔岩讨伐者的文案描述,熔岩讨伐者的功能说明,远古神殿、神之宝库、竞技场,2,0,1,0,,-1,
20050,20050,战技百裂斩5,1,天擎征服者的文案描述,天擎征服者的功能说明,远古神殿、神之宝库、关卡宝箱、每日任务,2,0,1,0,,-1,
20051,20051,魔技百裂斩5,2,天擎征服者的文案描述,天擎征服者的功能说明,远古神殿、神之宝库、关卡宝箱、每日任务,2,0,1,0,,-1,
20052,20052,魔技百裂斩5,2,天擎征服者的文案描述,天擎征服者的功能说明,远古神殿、神之宝库、关卡宝箱、每日任务,2,0,1,0,,-1,
20053,20053,王技百裂斩5,3,天擎征服者的文案描述,天擎征服者的功能说明,远古神殿、神之宝库、竞技场,2,0,1,0,,-1,
20054,20054,王技百裂斩5,3,天擎征服者的文案描述,天擎征服者的功能说明,远古神殿、神之宝库、竞技场,2,0,1,0,,-1,
20055,20055,神技百裂斩5,4,天擎征服者的文案描述,天擎征服者的功能说明,远古神殿、神之宝库、竞技场,2,0,1,0,,-1,
20056,20056,圣技百裂斩5,5,天擎征服者的文案描述,天擎征服者的功能说明,远古神殿、神之宝库、竞技场,2,0,1,0,,-1,
20057,20057,战技暗影2,1,荆棘之神的文案描述,荆棘之神的功能说明,远古神殿、神之宝库、关卡宝箱、每日任务,2,0,1,0,,-1,
20058,20058,王技暗影2,3,荆棘之神的文案描述,荆棘之神的功能说明,远古神殿、神之宝库、竞技场,2,0,1,0,,-1,
20059,20059,神技暗影2,4,荆棘之神的文案描述,荆棘之神的功能说明,远古神殿、神之宝库、竞技场,2,0,1,0,,-1,
20060,20060,圣技暗影2,5,荆棘之神的文案描述,荆棘之神的功能说明,远古神殿、神之宝库、竞技场,2,0,1,0,,-1,
20061,20061,战技暗影3,1,熔岩巨兽的文案描述,熔岩巨兽的功能说明,远古神殿、神之宝库、关卡宝箱、每日任务,2,0,1,0,,-1,
20062,20062,王技暗影3,3,熔岩巨兽的文案描述,熔岩巨兽的功能说明,远古神殿、神之宝库、竞技场,2,0,1,0,,-1,
20063,20063,神技暗影3,4,熔岩巨兽的文案描述,熔岩巨兽的功能说明,远古神殿、神之宝库、竞技场,2,0,1,0,,-1,
20064,20064,圣技暗影3,5,熔岩巨兽的文案描述,熔岩巨兽的功能说明,远古神殿、神之宝库、竞技场,2,0,1,0,,-1,
20065,20065,战技暗影4,1,巨斧斩杀者的文案描述,巨斧斩杀者的功能说明,远古神殿、神之宝库、关卡宝箱、每日任务,2,0,1,0,,-1,
20066,20066,王技暗影4,3,巨斧斩杀者的文案描述,巨斧斩杀者的功能说明,远古神殿、神之宝库、竞技场,2,0,1,0,,-1,
20067,20067,神技暗影4,4,巨斧斩杀者的文案描述,巨斧斩杀者的功能说明,远古神殿、神之宝库、竞技场,2,0,1,0,,-1,
20068,20068,圣技暗影4,5,巨斧斩杀者的文案描述,巨斧斩杀者的功能说明,远古神殿、神之宝库、竞技场,2,0,1,0,,-1,
20069,20069,战技暗影5,1,地精发明家的文案描述,地精发明家的功能说明,远古神殿、神之宝库、关卡宝箱、每日任务,2,0,1,0,,-1,
20070,20070,魔技暗影5,2,地精发明家的文案描述,地精发明家的功能说明,远古神殿、神之宝库、关卡宝箱、每日任务,2,0,1,0,,-1,
20071,20071,魔技暗影5,2,地精发明家的文案描述,地精发明家的功能说明,远古神殿、神之宝库、关卡宝箱、每日任务,2,0,1,0,,-1,
20072,20072,王技暗影5,3,地精发明家的文案描述,地精发明家的功能说明,远古神殿、神之宝库、竞技场,2,0,1,0,,-1,
20073,20073,王技暗影5,3,地精发明家的文案描述,地精发明家的功能说明,远古神殿、神之宝库、竞技场,2,0,1,0,,-1,
20074,20074,神技暗影5,4,地精发明家的文案描述,地精发明家的功能说明,远古神殿、神之宝库、竞技场,2,0,1,0,,-1,
20075,20075,圣技暗影5,5,地精发明家的文案描述,地精发明家的功能说明,远古神殿、神之宝库、竞技场,2,0,1,0,,-1,
20076,20076,战技斩舞1,1,精灵骑士的文案描述,精灵骑士的功能说明,远古神殿、神之宝库、关卡宝箱、每日任务,2,0,1,0,,-1,
20077,20077,魔技斩舞1,2,精灵骑士的文案描述,精灵骑士的功能说明,远古神殿、神之宝库、关卡宝箱、每日任务,2,0,1,0,,-1,
20078,20078,王技斩舞1,3,精灵骑士的文案描述,精灵骑士的功能说明,远古神殿、神之宝库、竞技场,2,0,1,0,,-1,
20079,20079,神技斩舞1,4,精灵骑士的文案描述,精灵骑士的功能说明,远古神殿、神之宝库、竞技场,2,0,1,0,,-1,
20080,20080,圣技斩舞1,5,精灵骑士的文案描述,精灵骑士的功能说明,远古神殿、神之宝库、竞技场,2,0,1,0,,-1,
20081,20081,战技斩舞2,1,精灵奥术尊者的文案描述,精灵奥术尊者的功能说明,远古神殿、神之宝库、关卡宝箱、每日任务,2,0,1,0,,-1,
20082,20082,魔技斩舞2,2,精灵奥术尊者的文案描述,精灵奥术尊者的功能说明,远古神殿、神之宝库、关卡宝箱、每日任务,2,0,1,0,,-1,
20083,20083,王技斩舞2,3,精灵奥术尊者的文案描述,精灵奥术尊者的功能说明,远古神殿、神之宝库、竞技场,2,0,1,0,,-1,
20084,20084,王技斩舞2,3,精灵奥术尊者的文案描述,精灵奥术尊者的功能说明,远古神殿、神之宝库、竞技场,2,0,1,0,,-1,
20085,20085,神技斩舞2,4,精灵奥术尊者的文案描述,精灵奥术尊者的功能说明,远古神殿、神之宝库、竞技场,2,0,1,0,,-1,
20086,20086,圣技斩舞2,5,精灵奥术尊者的文案描述,精灵奥术尊者的功能说明,远古神殿、神之宝库、竞技场,2,0,1,0,,-1,
20087,20087,战技斩舞3,1,龙族帷幕者的文案描述,龙族帷幕者的功能说明,远古神殿、神之宝库、关卡宝箱、每日任务,2,0,1,0,,-1,
20088,20088,魔技斩舞3,2,龙族帷幕者的文案描述,龙族帷幕者的功能说明,远古神殿、神之宝库、关卡宝箱、每日任务,2,0,1,0,,-1,
20089,20089,魔技斩舞3,2,龙族帷幕者的文案描述,龙族帷幕者的功能说明,远古神殿、神之宝库、关卡宝箱、每日任务,2,0,1,0,,-1,
20090,20090,王技斩舞3,3,龙族帷幕者的文案描述,龙族帷幕者的功能说明,远古神殿、神之宝库、竞技场,2,0,1,0,,-1,
20091,20091,神技斩舞3,4,龙族帷幕者的文案描述,龙族帷幕者的功能说明,远古神殿、神之宝库、竞技场,2,0,1,0,,-1,
20092,20092,圣技斩舞3,5,龙族帷幕者的文案描述,龙族帷幕者的功能说明,远古神殿、神之宝库、竞技场,2,0,1,0,,-1,
20093,20093,战技斩舞4,1,灭世龙神的文案描述,灭世龙神的功能说明,远古神殿、神之宝库、关卡宝箱、每日任务,2,0,1,0,,-1,
20094,20094,战技斩舞4,1,灭世龙神的文案描述,灭世龙神的功能说明,远古神殿、神之宝库、关卡宝箱、每日任务,2,0,1,0,,-1,
20095,20095,魔技斩舞4,2,灭世龙神的文案描述,灭世龙神的功能说明,远古神殿、神之宝库、关卡宝箱、每日任务,2,0,1,0,,-1,
20096,20096,魔技斩舞4,2,灭世龙神的文案描述,灭世龙神的功能说明,远古神殿、神之宝库、关卡宝箱、每日任务,2,0,1,0,,-1,
20097,20097,王技斩舞4,3,灭世龙神的文案描述,灭世龙神的功能说明,远古神殿、神之宝库、竞技场,2,0,1,0,,-1,
20098,20098,王技斩舞4,3,灭世龙神的文案描述,灭世龙神的功能说明,远古神殿、神之宝库、竞技场,2,0,1,0,,-1,
20099,20099,神技斩舞4,4,灭世龙神的文案描述,灭世龙神的功能说明,远古神殿、神之宝库、竞技场,2,0,1,0,,-1,
20100,20100,圣技斩舞4,5,灭世龙神的文案描述,灭世龙神的功能说明,远古神殿、神之宝库、竞技场,2,0,1,0,,-1,
20101,20101,战技轰焰2,1,时空穿梭者的文案描述,时空突袭者的功能说明,远古神殿、神之宝库、关卡宝箱、每日任务,2,0,1,0,,-1,
20102,20102,圣技轰焰2,5,时空突袭者的文案描述,时空突袭者的功能说明,远古神殿、神之宝库、竞技场,2,0,1,0,,-1,
20103,20103,战技轰焰3,1,鹰眼捕猎者的文案描述,鹰眼捕猎者的功能说明,远古神殿、神之宝库、关卡宝箱、每日任务,2,0,1,0,,-1,
20104,20104,魔技轰焰3,2,鹰眼捕猎者的文案描述,鹰眼捕猎者的功能说明,远古神殿、神之宝库、关卡宝箱、每日任务,2,0,1,0,,-1,
20105,20105,王技轰焰3,3,鹰眼捕猎者的文案描述,鹰眼捕猎者的功能说明,远古神殿、神之宝库、竞技场,2,0,1,0,,-1,
20106,20106,圣技轰焰3,5,鹰眼捕猎者的文案描述,鹰眼捕猎者的功能说明,远古神殿、神之宝库、竞技场,2,0,1,0,,-1,
20107,20107,战技轰焰4,1,神眼惩罚者的文案描述,神眼惩罚者的功能说明,远古神殿、神之宝库、关卡宝箱、每日任务,2,0,1,0,,-1,
20108,20108,王技轰焰4,3,神眼惩罚者的文案描述,神眼惩罚者的功能说明,远古神殿、神之宝库、竞技场,2,0,1,0,,-1,
20109,20109,圣技轰焰4,5,神眼惩罚者的文案描述,神眼惩罚者的功能说明,远古神殿、神之宝库、竞技场,2,0,1,0,,-1,
20110,20110,战技绝影5,1,侏儒生化怪人的文案描述,侏儒生化大师的功能说明,远古神殿、神之宝库、关卡宝箱、每日任务,2,0,1,0,,-1,
20111,20111,王技绝影5,3,侏儒生化怪人的文案描述,侏儒生化大师的功能说明,远古神殿、神之宝库、竞技场,2,0,1,0,,-1,
20112,20112,圣技绝影5,5,侏儒生化怪人的文案描述,侏儒生化大师的功能说明,远古神殿、神之宝库、竞技场,2,0,1,0,,-1,
20113,20113,战技绝影6,1,侏儒生化大师的文案描述,侏儒生化大师的功能说明,远古神殿、神之宝库、关卡宝箱、每日任务,2,0,1,0,,-1,
20114,20114,王技绝影6,3,侏儒生化大师的文案描述,侏儒生化大师的功能说明,远古神殿、神之宝库、竞技场,2,0,1,0,,-1,
20115,20115,圣技绝影6,5,侏儒生化大师的文案描述,侏儒生化大师的功能说明,远古神殿、神之宝库、竞技场,2,0,1,0,,-1,
20116,20116,战技绝影7,1,神圣救赎者的文案描述,神圣救赎者的功能说明,远古神殿、神之宝库、关卡宝箱、每日任务,2,0,1,0,,-1,
20117,20117,战技绝影7,1,神圣救赎者的文案描述,神圣救赎者的功能说明,远古神殿、神之宝库、关卡宝箱、每日任务,2,0,1,0,,-1,
20118,20118,魔技绝影7,2,神圣救赎者的文案描述,神圣救赎者的功能说明,远古神殿、神之宝库、关卡宝箱、每日任务,2,0,1,0,,-1,
20119,20119,王技绝影7,3,神圣救赎者的文案描述,神圣救赎者的功能说明,远古神殿、神之宝库、竞技场,2,0,1,0,,-1,
20120,20120,王技绝影7,3,神圣救赎者的文案描述,神圣救赎者的功能说明,远古神殿、神之宝库、竞技场,2,0,1,0,,-1,
20121,20121,神技绝影7,4,神圣救赎者的文案描述,神圣救赎者的功能说明,远古神殿、神之宝库、竞技场,2,0,1,0,,-1,
20122,20122,神技绝影7,4,神圣救赎者的文案描述,神圣救赎者的功能说明,远古神殿、神之宝库、竞技场,2,0,1,0,,-1,
20123,20123,圣技绝影7,5,神圣救赎者的文案描述,神圣救赎者的功能说明,远古神殿、神之宝库、竞技场,2,0,1,0,,-1,
30001,30001,一级暴击符文,1,符文大师制作的初级符文，通常新人冒险家使用。,镶嵌此符文后，暴击+3,探险之地、组队副本、奇珍商店。,3,0,1,0,,-1,
30002,30002,二级暴击符文,1,符文大师制作的初级符文，通常新人冒险家使用。,镶嵌此符文后，暴击+6,探险之地、组队副本、奇珍商店、低级符文合成。,3,0,1,0,,-1,
30003,30003,三级暴击符文,2,符文大师制作的中级符文，在菜鸟冒险家中广受欢迎。,镶嵌此符文后，暴击+9,探险之地、组队副本、奇珍商店、低级符文合成。,3,0,1,0,,-1,
30004,30004,四级暴击符文,2,符文大师制作的中级符文，在菜鸟冒险家中广受欢迎。,镶嵌此符文后，暴击+15,探险之地、组队副本、奇珍商店、低级符文合成。,3,0,1,0,,-1,
30005,30005,五级暴击符文,3,符文大师制作的中级符文，在菜鸟冒险家中广受欢迎。,镶嵌此符文后，暴击+26,探险之地、组队副本、奇珍商店、低级符文合成。,3,0,1,0,,-1,
30006,30006,六级暴击符文,3,符文大师制作的高级符文，在入门冒险家中广受欢迎。,镶嵌此符文后，暴击+43,探险之地、组队副本、奇珍商店、低级符文合成。,3,0,1,0,,-1,
30007,30007,七级暴击符文,4,符文大师制作的高级符文，在入门冒险家中广受欢迎。,镶嵌此符文后，暴击+71,探险之地、组队副本、奇珍商店、低级符文合成。,3,0,1,0,,-1,
30008,30008,八级暴击符文,4,符文大师制作的高级符文，在入门冒险家中广受欢迎。,镶嵌此符文后，暴击+119,探险之地、组队副本、奇珍商店、低级符文合成。,3,0,1,0,,-1,
30009,30009,九级暴击符文,5,符文大师制作的特级符文，极其稀有，在市场上很少流通。,镶嵌此符文后，暴击+198,探险之地、组队副本、奇珍商店、低级符文合成。,3,0,1,0,,-1,
30010,30010,十级暴击符文,5,符文大师制作的特级符文，极其稀有，在市场上很少流通。,镶嵌此符文后，暴击+329,探险之地、组队副本、奇珍商店、低级符文合成。,3,0,1,0,,-1,
30011,30011,一级防暴符文,1,符文大师制作的初级符文，通常新人冒险家使用。,镶嵌此符文后，防暴+7,探险之地、组队副本、奇珍商店。,3,0,1,0,,-1,
30012,30012,二级防暴符文,1,符文大师制作的初级符文，通常新人冒险家使用。,镶嵌此符文后，防暴+12,探险之地、组队副本、奇珍商店、低级符文合成。,3,0,1,0,,-1,
30013,30013,三级防暴符文,2,符文大师制作的中级符文，在菜鸟冒险家中广受欢迎。,镶嵌此符文后，防暴+21,探险之地、组队副本、奇珍商店、低级符文合成。,3,0,1,0,,-1,
30014,30014,四级防暴符文,2,符文大师制作的中级符文，在菜鸟冒险家中广受欢迎。,镶嵌此符文后，防暴+35,探险之地、组队副本、奇珍商店、低级符文合成。,3,0,1,0,,-1,
30015,30015,五级防暴符文,3,符文大师制作的中级符文，在菜鸟冒险家中广受欢迎。,镶嵌此符文后，防暴+58,探险之地、组队副本、奇珍商店、低级符文合成。,3,0,1,0,,-1,
30016,30016,六级防暴符文,3,符文大师制作的高级符文，在入门冒险家中广受欢迎。,镶嵌此符文后，防暴+96,探险之地、组队副本、奇珍商店、低级符文合成。,3,0,1,0,,-1,
30017,30017,七级防暴符文,4,符文大师制作的高级符文，在入门冒险家中广受欢迎。,镶嵌此符文后，防暴+160,探险之地、组队副本、奇珍商店、低级符文合成。,3,0,1,0,,-1,
30018,30018,八级防暴符文,4,符文大师制作的高级符文，在入门冒险家中广受欢迎。,镶嵌此符文后，防暴+267,探险之地、组队副本、奇珍商店、低级符文合成。,3,0,1,0,,-1,
30019,30019,九级防暴符文,5,符文大师制作的特级符文，极其稀有，在市场上很少流通。,镶嵌此符文后，防暴+444,探险之地、组队副本、奇珍商店、低级符文合成。,3,0,1,0,,-1,
30020,30020,十级防暴符文,5,符文大师制作的特级符文，极其稀有，在市场上很少流通。,镶嵌此符文后，防暴+741,探险之地、组队副本、奇珍商店、低级符文合成。,3,0,1,0,,-1,
30021,30021,一级破击符文,1,符文大师制作的初级符文，通常新人冒险家使用。,镶嵌此符文后，破击+3,探险之地、组队副本、奇珍商店。,3,0,1,0,,-1,
30022,30022,二级破击符文,1,符文大师制作的初级符文，通常新人冒险家使用。,镶嵌此符文后，破击+6,探险之地、组队副本、奇珍商店、低级符文合成。,3,0,1,0,,-1,
30023,30023,三级破击符文,2,符文大师制作的中级符文，在菜鸟冒险家中广受欢迎。,镶嵌此符文后，破击+9,探险之地、组队副本、奇珍商店、低级符文合成。,3,0,1,0,,-1,
30024,30024,四级破击符文,2,符文大师制作的中级符文，在菜鸟冒险家中广受欢迎。,镶嵌此符文后，破击+15,探险之地、组队副本、奇珍商店、低级符文合成。,3,0,1,0,,-1,
30025,30025,五级破击符文,3,符文大师制作的中级符文，在菜鸟冒险家中广受欢迎。,镶嵌此符文后，破击+26,探险之地、组队副本、奇珍商店、低级符文合成。,3,0,1,0,,-1,
30026,30026,六级破击符文,3,符文大师制作的高级符文，在入门冒险家中广受欢迎。,镶嵌此符文后，破击+43,探险之地、组队副本、奇珍商店、低级符文合成。,3,0,1,0,,-1,
30027,30027,七级破击符文,4,符文大师制作的高级符文，在入门冒险家中广受欢迎。,镶嵌此符文后，破击+71,探险之地、组队副本、奇珍商店、低级符文合成。,3,0,1,0,,-1,
30028,30028,八级破击符文,4,符文大师制作的高级符文，在入门冒险家中广受欢迎。,镶嵌此符文后，破击+119,探险之地、组队副本、奇珍商店、低级符文合成。,3,0,1,0,,-1,
30029,30029,九级破击符文,5,符文大师制作的特级符文，极其稀有，在市场上很少流通。,镶嵌此符文后，破击+198,探险之地、组队副本、奇珍商店、低级符文合成。,3,0,1,0,,-1,
30030,30030,十级破击符文,5,符文大师制作的特级符文，极其稀有，在市场上很少流通。,镶嵌此符文后，破击+329,探险之地、组队副本、奇珍商店、低级符文合成。,3,0,1,0,,-1,
30031,30031,一级平衡符文,1,符文大师制作的初级符文，通常新人冒险家使用。,镶嵌此符文后，平衡+3,探险之地、组队副本、奇珍商店。,3,0,1,0,,-1,
30032,30032,二级平衡符文,1,符文大师制作的初级符文，通常新人冒险家使用。,镶嵌此符文后，平衡+6,探险之地、组队副本、奇珍商店、低级符文合成。,3,0,1,0,,-1,
30033,30033,三级平衡符文,2,符文大师制作的中级符文，在菜鸟冒险家中广受欢迎。,镶嵌此符文后，平衡+9,探险之地、组队副本、奇珍商店、低级符文合成。,3,0,1,0,,-1,
30034,30034,四级平衡符文,2,符文大师制作的中级符文，在菜鸟冒险家中广受欢迎。,镶嵌此符文后，平衡+15,探险之地、组队副本、奇珍商店、低级符文合成。,3,0,1,0,,-1,
30035,30035,五级平衡符文,3,符文大师制作的中级符文，在菜鸟冒险家中广受欢迎。,镶嵌此符文后，平衡+26,探险之地、组队副本、奇珍商店、低级符文合成。,3,0,1,0,,-1,
30036,30036,六级平衡符文,3,符文大师制作的高级符文，在入门冒险家中广受欢迎。,镶嵌此符文后，平衡+43,探险之地、组队副本、奇珍商店、低级符文合成。,3,0,1,0,,-1,
30037,30037,七级平衡符文,4,符文大师制作的高级符文，在入门冒险家中广受欢迎。,镶嵌此符文后，平衡+71,探险之地、组队副本、奇珍商店、低级符文合成。,3,0,1,0,,-1,
30038,30038,八级平衡符文,4,符文大师制作的高级符文，在入门冒险家中广受欢迎。,镶嵌此符文后，平衡+119,探险之地、组队副本、奇珍商店、低级符文合成。,3,0,1,0,,-1,
30039,30039,九级平衡符文,5,符文大师制作的特级符文，极其稀有，在市场上很少流通。,镶嵌此符文后，平衡+198,探险之地、组队副本、奇珍商店、低级符文合成。,3,0,1,0,,-1,
30040,30040,十级平衡符文,5,符文大师制作的特级符文，极其稀有，在市场上很少流通。,镶嵌此符文后，平衡+329,探险之地、组队副本、奇珍商店、低级符文合成。,3,0,1,0,,-1,
30041,30041,一级护体符文,1,符文大师制作的初级符文，通常新人冒险家使用。,镶嵌此符文后，回护+3,探险之地、组队副本、奇珍商店。,3,0,1,0,,-1,
30042,30042,二级护体符文,1,符文大师制作的初级符文，通常新人冒险家使用。,镶嵌此符文后，回护+5,探险之地、组队副本、奇珍商店、低级符文合成。,3,0,1,0,,-1,
30043,30043,三级护体符文,2,符文大师制作的中级符文，在菜鸟冒险家中广受欢迎。,镶嵌此符文后，回护+8,探险之地、组队副本、奇珍商店、低级符文合成。,3,0,1,0,,-1,
30044,30044,四级护体符文,2,符文大师制作的中级符文，在菜鸟冒险家中广受欢迎。,镶嵌此符文后，回护+14,探险之地、组队副本、奇珍商店、低级符文合成。,3,0,1,0,,-1,
30045,30045,五级护体符文,3,符文大师制作的中级符文，在菜鸟冒险家中广受欢迎。,镶嵌此符文后，回护+23,探险之地、组队副本、奇珍商店、低级符文合成。,3,0,1,0,,-1,
30046,30046,六级护体符文,3,符文大师制作的高级符文，在入门冒险家中广受欢迎。,镶嵌此符文后，回护+39,探险之地、组队副本、奇珍商店、低级符文合成。,3,0,1,0,,-1,
30047,30047,七级护体符文,4,符文大师制作的高级符文，在入门冒险家中广受欢迎。,镶嵌此符文后，回护+65,探险之地、组队副本、奇珍商店、低级符文合成。,3,0,1,0,,-1,
30048,30048,八级护体符文,4,符文大师制作的高级符文，在入门冒险家中广受欢迎。,镶嵌此符文后，回护+109,探险之地、组队副本、奇珍商店、低级符文合成。,3,0,1,0,,-1,
30049,30049,九级护体符文,5,符文大师制作的特级符文，极其稀有，在市场上很少流通。,镶嵌此符文后，回护+181,探险之地、组队副本、奇珍商店、低级符文合成。,3,0,1,0,,-1,
30050,30050,十级护体符文,5,符文大师制作的特级符文，极其稀有，在市场上很少流通。,镶嵌此符文后，回护+302,探险之地、组队副本、奇珍商店、低级符文合成。,3,0,1,0,,-1,
30051,30051,一级生命符文,1,符文大师制作的初级符文，通常新人冒险家使用。,镶嵌此符文后，生命+242,探险之地、组队副本、奇珍商店。,3,0,1,0,,-1,
30052,30052,二级生命符文,1,符文大师制作的初级符文，通常新人冒险家使用。,镶嵌此符文后，生命+403,探险之地、组队副本、奇珍商店、低级符文合成。,3,0,1,0,,-1,
30053,30053,三级生命符文,2,符文大师制作的中级符文，在菜鸟冒险家中广受欢迎。,镶嵌此符文后，生命+672,探险之地、组队副本、奇珍商店、低级符文合成。,3,0,1,0,,-1,
30054,30054,四级生命符文,2,符文大师制作的中级符文，在菜鸟冒险家中广受欢迎。,镶嵌此符文后，生命+1120,探险之地、组队副本、奇珍商店、低级符文合成。,3,0,1,0,,-1,
30055,30055,五级生命符文,3,符文大师制作的中级符文，在菜鸟冒险家中广受欢迎。,镶嵌此符文后，生命+1867,探险之地、组队副本、奇珍商店、低级符文合成。,3,0,1,0,,-1,
30056,30056,六级生命符文,3,符文大师制作的高级符文，在入门冒险家中广受欢迎。,镶嵌此符文后，生命+3111,探险之地、组队副本、奇珍商店、低级符文合成。,3,0,1,0,,-1,
30057,30057,七级生命符文,4,符文大师制作的高级符文，在入门冒险家中广受欢迎。,镶嵌此符文后，生命+5185,探险之地、组队副本、奇珍商店、低级符文合成。,3,0,1,0,,-1,
30058,30058,八级生命符文,4,符文大师制作的高级符文，在入门冒险家中广受欢迎。,镶嵌此符文后，生命+8642,探险之地、组队副本、奇珍商店、低级符文合成。,3,0,1,0,,-1,
30059,30059,九级生命符文,5,符文大师制作的特级符文，极其稀有，在市场上很少流通。,镶嵌此符文后，生命+14403,探险之地、组队副本、奇珍商店、低级符文合成。,3,0,1,0,,-1,
30060,30060,十级生命符文,5,符文大师制作的特级符文，极其稀有，在市场上很少流通。,镶嵌此符文后，生命+24005,探险之地、组队副本、奇珍商店、低级符文合成。,3,0,1,0,,-1,
30061,30061,一级攻击符文,1,符文大师制作的初级符文，通常新人冒险家使用。,镶嵌此符文后，攻击+3,探险之地、组队副本、奇珍商店。,3,0,1,0,,-1,
30062,30062,二级攻击符文,1,符文大师制作的初级符文，通常新人冒险家使用。,镶嵌此符文后，攻击+6,探险之地、组队副本、奇珍商店、低级符文合成。,3,0,1,0,,-1,
30063,30063,三级攻击符文,2,符文大师制作的中级符文，在菜鸟冒险家中广受欢迎。,镶嵌此符文后，攻击+9,探险之地、组队副本、奇珍商店、低级符文合成。,3,0,1,0,,-1,
30064,30064,四级攻击符文,2,符文大师制作的中级符文，在菜鸟冒险家中广受欢迎。,镶嵌此符文后，攻击+15,探险之地、组队副本、奇珍商店、低级符文合成。,3,0,1,0,,-1,
30065,30065,五级攻击符文,3,符文大师制作的中级符文，在菜鸟冒险家中广受欢迎。,镶嵌此符文后，攻击+26,探险之地、组队副本、奇珍商店、低级符文合成。,3,0,1,0,,-1,
30066,30066,六级攻击符文,3,符文大师制作的高级符文，在入门冒险家中广受欢迎。,镶嵌此符文后，攻击+43,探险之地、组队副本、奇珍商店、低级符文合成。,3,0,1,0,,-1,
30067,30067,七级攻击符文,4,符文大师制作的高级符文，在入门冒险家中广受欢迎。,镶嵌此符文后，攻击+71,探险之地、组队副本、奇珍商店、低级符文合成。,3,0,1,0,,-1,
30068,30068,八级攻击符文,4,符文大师制作的高级符文，在入门冒险家中广受欢迎。,镶嵌此符文后，攻击+119,探险之地、组队副本、奇珍商店、低级符文合成。,3,0,1,0,,-1,
30069,30069,九级攻击符文,5,符文大师制作的特级符文，极其稀有，在市场上很少流通。,镶嵌此符文后，攻击+198,探险之地、组队副本、奇珍商店、低级符文合成。,3,0,1,0,,-1,
30070,30070,十级攻击符文,5,符文大师制作的特级符文，极其稀有，在市场上很少流通。,镶嵌此符文后，攻击+329,探险之地、组队副本、奇珍商店、低级符文合成。,3,0,1,0,,-1,
30071,30071,一级防御符文,1,符文大师制作的初级符文，通常新人冒险家使用。,镶嵌此符文后，防御+5,探险之地、组队副本、奇珍商店。,3,0,1,0,,-1,
30072,30072,二级防御符文,1,符文大师制作的初级符文，通常新人冒险家使用。,镶嵌此符文后，防御+8,探险之地、组队副本、奇珍商店、低级符文合成。,3,0,1,0,,-1,
30073,30073,三级防御符文,2,符文大师制作的中级符文，在菜鸟冒险家中广受欢迎。,镶嵌此符文后，防御+13,探险之地、组队副本、奇珍商店、低级符文合成。,3,0,1,0,,-1,
30074,30074,四级防御符文,2,符文大师制作的中级符文，在菜鸟冒险家中广受欢迎。,镶嵌此符文后，防御+22,探险之地、组队副本、奇珍商店、低级符文合成。,3,0,1,0,,-1,
30075,30075,五级防御符文,3,符文大师制作的中级符文，在菜鸟冒险家中广受欢迎。,镶嵌此符文后，防御+37,探险之地、组队副本、奇珍商店、低级符文合成。,3,0,1,0,,-1,
30076,30076,六级防御符文,3,符文大师制作的高级符文，在入门冒险家中广受欢迎。,镶嵌此符文后，防御+62,探险之地、组队副本、奇珍商店、低级符文合成。,3,0,1,0,,-1,
30077,30077,七级防御符文,4,符文大师制作的高级符文，在入门冒险家中广受欢迎。,镶嵌此符文后，防御+104,探险之地、组队副本、奇珍商店、低级符文合成。,3,0,1,0,,-1,
30078,30078,八级防御符文,4,符文大师制作的高级符文，在入门冒险家中广受欢迎。,镶嵌此符文后，防御+173,探险之地、组队副本、奇珍商店、低级符文合成。,3,0,1,0,,-1,
30079,30079,九级防御符文,5,符文大师制作的特级符文，极其稀有，在市场上很少流通。,镶嵌此符文后，防御+288,探险之地、组队副本、奇珍商店、低级符文合成。,3,0,1,0,,-1,
30080,30080,十级防御符文,5,符文大师制作的特级符文，极其稀有，在市场上很少流通。,镶嵌此符文后，防御+480,探险之地、组队副本、奇珍商店、低级符文合成。,3,0,1,0,,-1,
70001,70007,杀手兔,5,追随者,可用于探险、生产等,冒险、活动等,7,0,1,0,,-1,93001
70002,70071,贪食恶魔,1,追随者,可用于探险、生产等,冒险、活动等,7,0,1,0,,-1,93002
70003,70072,憎恨恶魔,2,追随者,可用于探险、生产等,冒险、活动等,7,0,1,0,,-1,93003
70004,70073,战争恶魔,3,追随者,可用于探险、生产等,冒险、活动等,7,0,1,0,,-1,93004
70005,70074,白骨恶魔,4,追随者,可用于探险、生产等,冒险、活动等,7,0,1,0,,-1,93005
70006,70075,邪恶恶魔,5,追随者,可用于探险、生产等,冒险、活动等,7,0,1,0,,-1,93006
70007,70094,神秘魔导师,2,追随者,可用于探险、生产等,冒险、活动等,7,0,1,0,,-1,93007
70008,70097,火焰魔导师,4,追随者,可用于探险、生产等,冒险、活动等,7,0,1,0,,-1,93008
70009,70096,邪教魔导师,2,追随者,可用于探险、生产等,冒险、活动等,7,0,1,0,,-1,93009
70010,70095,绿袍魔导师,2,追随者,可用于探险、生产等,冒险、活动等,7,0,1,0,,-1,93010
70011,70098,火焰魔导师,4,追随者,可用于探险、生产等,冒险、活动等,7,0,1,0,,-1,93011
70012,70099,深渊魔导师,3,追随者,可用于探险、生产等,冒险、活动等,7,0,1,0,,-1,93012
70013,70005,残酷厉鬼,5,追随者,可用于探险、生产等,冒险、活动等,7,0,1,0,,-1,93013
70014,70004,暴走厉鬼,5,追随者,可用于探险、生产等,冒险、活动等,7,0,1,0,,-1,93014
70015,70025,炼狱海盗,1,追随者,可用于探险、生产等,冒险、活动等,7,0,1,0,,-1,93015
70016,70031,死亡海盗,2,追随者,可用于探险、生产等,冒险、活动等,7,0,1,0,,-1,93016
70017,70034,黑暗海盗,5,追随者,可用于探险、生产等,冒险、活动等,7,0,1,0,,-1,93017
70018,70028,烈焰海盗,1,追随者,可用于探险、生产等,冒险、活动等,7,0,1,0,,-1,93018
70019,70026,纯净海盗,2,追随者,可用于探险、生产等,冒险、活动等,7,0,1,0,,-1,93019
70020,70027,静电海盗,3,追随者,可用于探险、生产等,冒险、活动等,7,0,1,0,,-1,93020
70021,70032,审判海盗,4,追随者,可用于探险、生产等,冒险、活动等,7,0,1,0,,-1,93021
70022,70033,冰冷海盗,4,追随者,可用于探险、生产等,冒险、活动等,7,0,1,0,,-1,93022
70023,70030,原力海盗,2,追随者,可用于探险、生产等,冒险、活动等,7,0,1,0,,-1,93023
70024,70029,奥能海盗,2,追随者,可用于探险、生产等,冒险、活动等,7,0,1,0,,-1,93024
70025,70008,风暴邪能,5,追随者,可用于探险、生产等,冒险、活动等,7,0,1,0,,-1,93025
70026,70054,爆裂狼人,3,追随者,可用于探险、生产等,冒险、活动等,7,0,1,0,,-1,93026
70027,70051,湮灭狼人,3,追随者,可用于探险、生产等,冒险、活动等,7,0,1,0,,-1,93027
70028,70055,狂风狼人,2,追随者,可用于探险、生产等,冒险、活动等,7,0,1,0,,-1,93028
70029,70053,无情狼人,2,追随者,可用于探险、生产等,冒险、活动等,7,0,1,0,,-1,93029
70030,70052,邪风狼人,1,追随者,可用于探险、生产等,冒险、活动等,7,0,1,0,,-1,93030
70031,70057,灵界狼人,4,追随者,可用于探险、生产等,冒险、活动等,7,0,1,0,,-1,93031
70032,70056,愤怒狼人,4,追随者,可用于探险、生产等,冒险、活动等,7,0,1,0,,-1,93032
70033,70009,恐怖狼人,5,追随者,可用于探险、生产等,冒险、活动等,7,0,1,0,,-1,93033
70034,70003,利刃骷髅,4,追随者,可用于探险、生产等,冒险、活动等,7,0,1,0,,-1,93034
70035,70049,绿石忍者,1,追随者,可用于探险、生产等,冒险、活动等,7,0,1,0,,-1,93035
70036,70044,暗影忍者,3,追随者,可用于探险、生产等,冒险、活动等,7,0,1,0,,-1,93036
70037,70047,紫衫忍者,4,追随者,可用于探险、生产等,冒险、活动等,7,0,1,0,,-1,93037
70038,70045,暗金忍者,3,追随者,可用于探险、生产等,冒险、活动等,7,0,1,0,,-1,93038
70039,70046,流沙忍者,5,追随者,可用于探险、生产等,冒险、活动等,7,0,1,0,,-1,93039
70040,70050,雨露忍者,1,追随者,可用于探险、生产等,冒险、活动等,7,0,1,0,,-1,93040
70041,70048,信仰忍者,4,追随者,可用于探险、生产等,冒险、活动等,7,0,1,0,,-1,93041
70042,70001,刀锋海盗,5,追随者,可用于探险、生产等,冒险、活动等,7,0,1,0,,-1,93042
70043,70002,鱼叉海盗,5,追随者,可用于探险、生产等,冒险、活动等,7,0,1,0,,-1,93043
70044,70059,红莲刀客,3,追随者,可用于探险、生产等,冒险、活动等,7,0,1,0,,-1,93044
70045,70062,战歌刀客,1,追随者,可用于探险、生产等,冒险、活动等,7,0,1,0,,-1,93045
70046,70060,幽灵刀客,5,追随者,可用于探险、生产等,冒险、活动等,7,0,1,0,,-1,93046
70047,70058,憎恨刀客,5,追随者,可用于探险、生产等,冒险、活动等,7,0,1,0,,-1,93047
70048,70063,破碎刀客,2,追随者,可用于探险、生产等,冒险、活动等,7,0,1,0,,-1,93048
70049,70061,勇气刀客,3,追随者,可用于探险、生产等,冒险、活动等,7,0,1,0,,-1,93049
70050,70067,雷霆剑客,4,追随者,可用于探险、生产等,冒险、活动等,7,0,1,0,,-1,93050
70051,70070,赤发剑客,1,追随者,可用于探险、生产等,冒险、活动等,7,0,1,0,,-1,93051
70052,70064,回音剑客,2,追随者,可用于探险、生产等,冒险、活动等,7,0,1,0,,-1,93052
70053,70069,猛兽剑客,3,追随者,可用于探险、生产等,冒险、活动等,7,0,1,0,,-1,93053
70054,70068,明心剑客,3,追随者,可用于探险、生产等,冒险、活动等,7,0,1,0,,-1,93054
70055,70066,遗忘剑客,2,追随者,可用于探险、生产等,冒险、活动等,7,0,1,0,,-1,93055
70056,70065,炽烈剑客,1,追随者,可用于探险、生产等,冒险、活动等,7,0,1,0,,-1,93056
70057,70013,微妙忍者,1,追随者,可用于探险、生产等,冒险、活动等,7,0,1,0,,-1,93057
70058,70016,堕落忍者,1,追随者,可用于探险、生产等,冒险、活动等,7,0,1,0,,-1,93058
70059,70010,微光忍者,4,追随者,可用于探险、生产等,冒险、活动等,7,0,1,0,,-1,93059
70060,70015,恐惧忍者,2,追随者,可用于探险、生产等,冒险、活动等,7,0,1,0,,-1,93060
70061,70014,雷霆忍者,3,追随者,可用于探险、生产等,冒险、活动等,7,0,1,0,,-1,93061
70062,70012,霜凝忍者,3,追随者,可用于探险、生产等,冒险、活动等,7,0,1,0,,-1,93062
70063,70011,雷电忍者,5,追随者,可用于探险、生产等,冒险、活动等,7,0,1,0,,-1,93063
70064,70006,迅疾忍者,5,追随者,可用于探险、生产等,冒险、活动等,7,0,1,0,,-1,93064
70065,70035,逐风骷髅,1,追随者,可用于探险、生产等,冒险、活动等,7,0,1,0,,-1,93065
70066,70038,肆虐骷髅,1,追随者,可用于探险、生产等,冒险、活动等,7,0,1,0,,-1,93066
70067,70041,消极骷髅,4,追随者,可用于探险、生产等,冒险、活动等,7,0,1,0,,-1,93067
70068,70037,剧毒骷髅,2,追随者,可用于探险、生产等,冒险、活动等,7,0,1,0,,-1,93068
70069,70036,黑暗骷髅,1,追随者,可用于探险、生产等,冒险、活动等,7,0,1,0,,-1,93069
70070,70039,虹吸骷髅,1,追随者,可用于探险、生产等,冒险、活动等,7,0,1,0,,-1,93070
70071,70040,壁垒骷髅,3,追随者,可用于探险、生产等,冒险、活动等,7,0,1,0,,-1,93071
70072,70043,狂暴骷髅,4,追随者,可用于探险、生产等,冒险、活动等,7,0,1,0,,-1,93072
70073,70042,食人骷髅,4,追随者,可用于探险、生产等,冒险、活动等,7,0,1,0,,-1,93073
70074,70076,斧柄兔,1,追随者,可用于探险、生产等,冒险、活动等,7,0,1,0,,-1,93074
70075,70080,银斧兔,2,追随者,可用于探险、生产等,冒险、活动等,7,0,1,0,,-1,93075
70076,70077,军镐兔,3,追随者,可用于探险、生产等,冒险、活动等,7,0,1,0,,-1,93076
70077,70079,战斧兔,4,追随者,可用于探险、生产等,冒险、活动等,7,0,1,0,,-1,93077
70078,70078,冰镐小兔,5,追随者,可用于探险、生产等,冒险、活动等,7,0,1,0,,-1,93078
70079,70021,麋鹿冰刀,1,追随者,可用于探险、生产等,冒险、活动等,7,0,1,0,,-1,93079
70080,70019,憎恨冰刀,3,追随者,可用于探险、生产等,冒险、活动等,7,0,1,0,,-1,93080
70081,70020,跳跃冰刀,1,追随者,可用于探险、生产等,冒险、活动等,7,0,1,0,,-1,93081
70082,70022,血腥冰刀,4,追随者,可用于探险、生产等,冒险、活动等,7,0,1,0,,-1,93082
70083,70017,尖刺冰刀,3,追随者,可用于探险、生产等,冒险、活动等,7,0,1,0,,-1,93083
70084,70018,烟幕冰刀,3,追随者,可用于探险、生产等,冒险、活动等,7,0,1,0,,-1,93084
70085,70023,博士冰刀,4,追随者,可用于探险、生产等,冒险、活动等,7,0,1,0,,-1,93085
70086,70024,紫奎冰刀,4,追随者,可用于探险、生产等,冒险、活动等,7,0,1,0,,-1,93086
70087,70092,水相战士,3,追随者,可用于探险、生产等,冒险、活动等,7,0,1,0,,-1,93087
70088,70093,土相战士,4,追随者,可用于探险、生产等,冒险、活动等,7,0,1,0,,-1,93088
70089,70091,银相战士,4,追随者,可用于探险、生产等,冒险、活动等,7,0,1,0,,-1,93089
70090,70090,风向战士,3,追随者,可用于探险、生产等,冒险、活动等,7,0,1,0,,-1,93090
70091,70007,杀手兔,3,追随者,可用于探险、生产等,冒险、活动等,7,0,1,0,,-1,93091
70092,70007,杀手兔,4,追随者,可用于探险、生产等,冒险、活动等,7,0,1,0,,-1,93092
70093,70005,残酷厉鬼,3,追随者,可用于探险、生产等,冒险、活动等,7,0,1,0,,-1,93093
70094,70005,残酷厉鬼,4,追随者,可用于探险、生产等,冒险、活动等,7,0,1,0,,-1,93094
70095,70004,暴走厉鬼,3,追随者,可用于探险、生产等,冒险、活动等,7,0,1,0,,-1,93095
70096,70004,暴走厉鬼,4,追随者,可用于探险、生产等,冒险、活动等,7,0,1,0,,-1,93096
70097,70008,风暴邪能,3,追随者,可用于探险、生产等,冒险、活动等,7,0,1,0,,-1,93097
70098,70008,风暴邪能,4,追随者,可用于探险、生产等,冒险、活动等,7,0,1,0,,-1,93098
70099,70009,恐怖狼人,3,追随者,可用于探险、生产等,冒险、活动等,7,0,1,0,,-1,93099
70100,70009,恐怖狼人,4,追随者,可用于探险、生产等,冒险、活动等,7,0,1,0,,-1,93100
70101,70001,刀锋海盗,3,追随者,可用于探险、生产等,冒险、活动等,7,0,1,0,,-1,93101
70102,70001,刀锋海盗,4,追随者,可用于探险、生产等,冒险、活动等,7,0,1,0,,-1,93102
70103,70002,鱼叉海盗,3,追随者,可用于探险、生产等,冒险、活动等,7,0,1,0,,-1,93103
70104,70002,鱼叉海盗,4,追随者,可用于探险、生产等,冒险、活动等,7,0,1,0,,-1,93104
70105,70006,迅疾忍者,3,追随者,可用于探险、生产等,冒险、活动等,7,0,1,0,,-1,93105
70106,70006,迅疾忍者,4,追随者,可用于探险、生产等,冒险、活动等,7,0,1,0,,-1,93106
52001,20001,潜猎者突破玉(废置）,1,潜猎者的魔魂破碎以后形成的体力符文，具有部分魔魂的威能。,突破玉可以花费金币还原成完整魔魂，也可以作为魔魂的突破材料。,冒险、活动等,5,0,1,0,,-1,
52002,20002,暗杀者突破玉(废置）,3,暗杀者的魔魂破碎以后形成的体力符文，具有部分魔魂的威能。,突破玉可以花费金币还原成完整魔魂，也可以作为魔魂的突破材料。,冒险、活动等,5,0,1,0,,-1,
52003,20003,仇杀者突破玉(废置）,3,仇杀者的魔魂破碎以后形成的体力符文，具有部分魔魂的威能。,突破玉可以花费金币还原成完整魔魂，也可以作为魔魂的突破材料。,冒险、活动等,5,0,1,0,,-1,
52004,20004,巫术法师突破玉(废置）,2,巫术法师的魔魂破碎以后形成的体力符文，具有部分魔魂的威能。,突破玉可以花费金币还原成完整魔魂，也可以作为魔魂的突破材料。,冒险、活动等,5,0,1,0,,-1,
52005,20005,巫术先知突破玉(废置）,2,巫术先知的魔魂破碎以后形成的体力符文，具有部分魔魂的威能。,突破玉可以花费金币还原成完整魔魂，也可以作为魔魂的突破材料。,冒险、活动等,5,0,1,0,,-1,
52006,20006,巫术魔灵突破玉(废置）,3,巫术魔灵的魔魂破碎以后形成的体力符文，具有部分魔魂的威能。,突破玉可以花费金币还原成完整魔魂，也可以作为魔魂的突破材料。,冒险、活动等,5,0,1,0,,-1,
52007,20007,巫术萨满突破玉(废置）,3,巫术萨满的魔魂破碎以后形成的体力符文，具有部分魔魂的威能。,突破玉可以花费金币还原成完整魔魂，也可以作为魔魂的突破材料。,冒险、活动等,5,0,1,0,,-1,
52008,20008,巫术毁灭者突破玉(废置）,4,巫术毁灭者的魔魂破碎以后形成的体力符文，具有部分魔魂的威能。,突破玉可以花费金币还原成完整魔魂，也可以作为魔魂的突破材料。,冒险、活动等,5,0,1,0,,-1,
52009,20009,巫术祈求者突破玉(废置）,4,巫术祈求者的魔魂破碎以后形成的体力符文，具有部分魔魂的威能。,突破玉可以花费金币还原成完整魔魂，也可以作为魔魂的突破材料。,冒险、活动等,5,0,1,0,,-1,
52010,20010,巫术破坏者突破玉(废置）,4,巫术破坏者的魔魂破碎以后形成的体力符文，具有部分魔魂的威能。,突破玉可以花费金币还原成完整魔魂，也可以作为魔魂的突破材料。,冒险、活动等,5,0,1,0,,-1,
52011,20011,打击者突破玉(废置）,2,打击者的魔魂破碎以后形成的体力符文，具有部分魔魂的威能。,突破玉可以花费金币还原成完整魔魂，也可以作为魔魂的突破材料。,冒险、活动等,5,0,1,0,,-1,
52012,20012,鞭笞者突破玉(废置）,2,鞭笞者的魔魂破碎以后形成的体力符文，具有部分魔魂的威能。,突破玉可以花费金币还原成完整魔魂，也可以作为魔魂的突破材料。,冒险、活动等,5,0,1,0,,-1,
52013,20013,绝地使者突破玉(废置）,2,绝地使者的魔魂破碎以后形成的体力符文，具有部分魔魂的威能。,突破玉可以花费金币还原成完整魔魂，也可以作为魔魂的突破材料。,冒险、活动等,5,0,1,0,,-1,
52014,20014,绝地武者突破玉(废置）,2,绝地武者的魔魂破碎以后形成的体力符文，具有部分魔魂的威能。,突破玉可以花费金币还原成完整魔魂，也可以作为魔魂的突破材料。,冒险、活动等,5,0,1,0,,-1,
52015,20015,哀嚎守卫突破玉(废置）,3,哀嚎守卫的魔魂破碎以后形成的体力符文，具有部分魔魂的威能。,突破玉可以花费金币还原成完整魔魂，也可以作为魔魂的突破材料。,冒险、活动等,5,0,1,0,,-1,
52016,20016,哀嚎领主突破玉(废置）,3,哀嚎领主的魔魂破碎以后形成的体力符文，具有部分魔魂的威能。,突破玉可以花费金币还原成完整魔魂，也可以作为魔魂的突破材料。,冒险、活动等,5,0,1,0,,-1,
52017,20017,末日领主突破玉(废置）,5,末日领主的魔魂破碎以后形成的体力符文，具有部分魔魂的威能。,突破玉可以花费金币还原成完整魔魂，也可以作为魔魂的突破材料。,冒险、活动等,5,0,1,0,,-1,
52018,20018,末日之神突破玉(废置）,5,末日之神的魔魂破碎以后形成的体力符文，具有部分魔魂的威能。,突破玉可以花费金币还原成完整魔魂，也可以作为魔魂的突破材料。,冒险、活动等,5,0,1,0,,-1,
52019,20019,亡灵卫士突破玉(废置）,1,亡灵卫士的魔魂破碎以后形成的体力符文，具有部分魔魂的威能。,突破玉可以花费金币还原成完整魔魂，也可以作为魔魂的突破材料。,冒险、活动等,5,0,1,0,,-1,
52020,20020,怨灵刀手突破玉(废置）,3,怨灵刀手的魔魂破碎以后形成的体力符文，具有部分魔魂的威能。,突破玉可以花费金币还原成完整魔魂，也可以作为魔魂的突破材料。,冒险、活动等,5,0,1,0,,-1,
52021,20021,怨灵武僧突破玉(废置）,3,怨灵武僧的魔魂破碎以后形成的体力符文，具有部分魔魂的威能。,突破玉可以花费金币还原成完整魔魂，也可以作为魔魂的突破材料。,冒险、活动等,5,0,1,0,,-1,
52022,20022,怨灵武士突破玉(废置）,3,怨灵武士的魔魂破碎以后形成的体力符文，具有部分魔魂的威能。,突破玉可以花费金币还原成完整魔魂，也可以作为魔魂的突破材料。,冒险、活动等,5,0,1,0,,-1,
52023,20023,暗鳞行者突破玉(废置）,2,暗鳞行者的魔魂破碎以后形成的体力符文，具有部分魔魂的威能。,突破玉可以花费金币还原成完整魔魂，也可以作为魔魂的突破材料。,冒险、活动等,5,0,1,0,,-1,
52024,20024,暗鳞舞者突破玉(废置）,2,暗鳞舞者的魔魂破碎以后形成的体力符文，具有部分魔魂的威能。,突破玉可以花费金币还原成完整魔魂，也可以作为魔魂的突破材料。,冒险、活动等,5,0,1,0,,-1,
52025,20025,嗜血猎手突破玉(废置）,1,嗜血猎手的魔魂破碎以后形成的体力符文，具有部分魔魂的威能。,突破玉可以花费金币还原成完整魔魂，也可以作为魔魂的突破材料。,冒险、活动等,5,0,1,0,,-1,
52026,20026,英勇战士突破玉(废置）,4,英勇战士的魔魂破碎以后形成的体力符文，具有部分魔魂的威能。,突破玉可以花费金币还原成完整魔魂，也可以作为魔魂的突破材料。,冒险、活动等,5,0,1,0,,-1,
52027,20027,勇猛战士突破玉(废置）,4,勇猛战士的魔魂破碎以后形成的体力符文，具有部分魔魂的威能。,突破玉可以花费金币还原成完整魔魂，也可以作为魔魂的突破材料。,冒险、活动等,5,0,1,0,,-1,
52028,20028,奋勇战士突破玉(废置）,4,奋勇战士的魔魂破碎以后形成的体力符文，具有部分魔魂的威能。,突破玉可以花费金币还原成完整魔魂，也可以作为魔魂的突破材料。,冒险、活动等,5,0,1,0,,-1,
52029,20029,荒原狂战士突破玉(废置）,5,荒原狂战士的魔魂破碎以后形成的体力符文，具有部分魔魂的威能。,突破玉可以花费金币还原成完整魔魂，也可以作为魔魂的突破材料。,冒险、活动等,5,0,1,0,,-1,
52030,20030,暴怒狂战士突破玉(废置）,5,暴怒狂战士的魔魂破碎以后形成的体力符文，具有部分魔魂的威能。,突破玉可以花费金币还原成完整魔魂，也可以作为魔魂的突破材料。,冒险、活动等,5,0,1,0,,-1,
52031,20031,凛风剑士突破玉(废置）,2,凛风剑士的魔魂破碎以后形成的体力符文，具有部分魔魂的威能。,突破玉可以花费金币还原成完整魔魂，也可以作为魔魂的突破材料。,冒险、活动等,5,0,1,0,,-1,
52032,20032,凛风剑客突破玉(废置）,2,凛风剑客的魔魂破碎以后形成的体力符文，具有部分魔魂的威能。,突破玉可以花费金币还原成完整魔魂，也可以作为魔魂的突破材料。,冒险、活动等,5,0,1,0,,-1,
52033,20033,疾风剑王突破玉(废置）,3,疾风剑王的魔魂破碎以后形成的体力符文，具有部分魔魂的威能。,突破玉可以花费金币还原成完整魔魂，也可以作为魔魂的突破材料。,冒险、活动等,5,0,1,0,,-1,
52034,20034,疾风剑圣突破玉(废置）,3,疾风剑圣的魔魂破碎以后形成的体力符文，具有部分魔魂的威能。,突破玉可以花费金币还原成完整魔魂，也可以作为魔魂的突破材料。,冒险、活动等,5,0,1,0,,-1,
52035,20035,疾风剑灵突破玉(废置）,3,疾风剑灵的魔魂破碎以后形成的体力符文，具有部分魔魂的威能。,突破玉可以花费金币还原成完整魔魂，也可以作为魔魂的突破材料。,冒险、活动等,5,0,1,0,,-1,
52036,20036,神风剑豪突破玉(废置）,5,神风剑豪的魔魂破碎以后形成的体力符文，具有部分魔魂的威能。,突破玉可以花费金币还原成完整魔魂，也可以作为魔魂的突破材料。,冒险、活动等,5,0,1,0,,-1,
52037,20037,神风剑神突破玉(废置）,5,神风剑神的魔魂破碎以后形成的体力符文，具有部分魔魂的威能。,突破玉可以花费金币还原成完整魔魂，也可以作为魔魂的突破材料。,冒险、活动等,5,0,1,0,,-1,
52038,20038,命运破碎者突破玉(废置）,2,命运破碎者的魔魂破碎以后形成的体力符文，具有部分魔魂的威能。,突破玉可以花费金币还原成完整魔魂，也可以作为魔魂的突破材料。,冒险、活动等,5,0,1,0,,-1,
52039,20039,命运诉求者突破玉(废置）,2,命运诉求者的魔魂破碎以后形成的体力符文，具有部分魔魂的威能。,突破玉可以花费金币还原成完整魔魂，也可以作为魔魂的突破材料。,冒险、活动等,5,0,1,0,,-1,
52040,20040,狼人勇士突破玉(废置）,2,狼人勇士的魔魂破碎以后形成的体力符文，具有部分魔魂的威能。,突破玉可以花费金币还原成完整魔魂，也可以作为魔魂的突破材料。,冒险、活动等,5,0,1,0,,-1,
52041,20041,狼人民兵突破玉(废置）,2,狼人民兵的魔魂破碎以后形成的体力符文，具有部分魔魂的威能。,突破玉可以花费金币还原成完整魔魂，也可以作为魔魂的突破材料。,冒险、活动等,5,0,1,0,,-1,
52042,20042,兽人佣兵突破玉(废置）,3,兽人佣兵的魔魂破碎以后形成的体力符文，具有部分魔魂的威能。,突破玉可以花费金币还原成完整魔魂，也可以作为魔魂的突破材料。,冒险、活动等,5,0,1,0,,-1,
52043,20043,兽人弓手突破玉(废置）,3,兽人弓手的魔魂破碎以后形成的体力符文，具有部分魔魂的威能。,突破玉可以花费金币还原成完整魔魂，也可以作为魔魂的突破材料。,冒险、活动等,5,0,1,0,,-1,
52044,20044,巨魔士兵突破玉(废置）,4,巨魔士兵的魔魂破碎以后形成的体力符文，具有部分魔魂的威能。,突破玉可以花费金币还原成完整魔魂，也可以作为魔魂的突破材料。,冒险、活动等,5,0,1,0,,-1,
52045,20045,巨魔先知突破玉(废置）,4,巨魔先知的魔魂破碎以后形成的体力符文，具有部分魔魂的威能。,突破玉可以花费金币还原成完整魔魂，也可以作为魔魂的突破材料。,冒险、活动等,5,0,1,0,,-1,
52046,20046,巨魔萨满突破玉(废置）,4,巨魔萨满的魔魂破碎以后形成的体力符文，具有部分魔魂的威能。,突破玉可以花费金币还原成完整魔魂，也可以作为魔魂的突破材料。,冒险、活动等,5,0,1,0,,-1,
52047,20047,巨魔术士突破玉(废置）,4,巨魔术士的魔魂破碎以后形成的体力符文，具有部分魔魂的威能。,突破玉可以花费金币还原成完整魔魂，也可以作为魔魂的突破材料。,冒险、活动等,5,0,1,0,,-1,
52048,20048,浴血讨伐者突破玉(废置）,3,浴血讨伐者的魔魂破碎以后形成的体力符文，具有部分魔魂的威能。,突破玉可以花费金币还原成完整魔魂，也可以作为魔魂的突破材料。,冒险、活动等,5,0,1,0,,-1,
52049,20049,熔岩讨伐者突破玉(废置）,3,熔岩讨伐者的魔魂破碎以后形成的体力符文，具有部分魔魂的威能。,突破玉可以花费金币还原成完整魔魂，也可以作为魔魂的突破材料。,冒险、活动等,5,0,1,0,,-1,
52050,20050,沙漠讨伐者突破玉(废置）,4,沙漠讨伐者的魔魂破碎以后形成的体力符文，具有部分魔魂的威能。,突破玉可以花费金币还原成完整魔魂，也可以作为魔魂的突破材料。,冒险、活动等,5,0,1,0,,-1,
52051,20051,冰霜殉难者突破玉(废置）,4,冰霜殉难者的魔魂破碎以后形成的体力符文，具有部分魔魂的威能。,突破玉可以花费金币还原成完整魔魂，也可以作为魔魂的突破材料。,冒险、活动等,5,0,1,0,,-1,
52052,20052,厄运殉难者突破玉(废置）,4,厄运殉难者的魔魂破碎以后形成的体力符文，具有部分魔魂的威能。,突破玉可以花费金币还原成完整魔魂，也可以作为魔魂的突破材料。,冒险、活动等,5,0,1,0,,-1,
52053,20053,巨神殉难者突破玉(废置）,4,巨神殉难者的魔魂破碎以后形成的体力符文，具有部分魔魂的威能。,突破玉可以花费金币还原成完整魔魂，也可以作为魔魂的突破材料。,冒险、活动等,5,0,1,0,,-1,
52054,20054,天启征服者突破玉(废置）,5,天启征服者的魔魂破碎以后形成的体力符文，具有部分魔魂的威能。,突破玉可以花费金币还原成完整魔魂，也可以作为魔魂的突破材料。,冒险、活动等,5,0,1,0,,-1,
52055,20055,神明征服者突破玉(废置）,5,神明征服者的魔魂破碎以后形成的体力符文，具有部分魔魂的威能。,突破玉可以花费金币还原成完整魔魂，也可以作为魔魂的突破材料。,冒险、活动等,5,0,1,0,,-1,
52056,20056,天擎征服者突破玉(废置）,5,天擎征服者的魔魂破碎以后形成的体力符文，具有部分魔魂的威能。,突破玉可以花费金币还原成完整魔魂，也可以作为魔魂的突破材料。,冒险、活动等,5,0,1,0,,-1,
52057,20057,荆棘之主突破玉(废置）,1,荆棘之主的魔魂破碎以后形成的体力符文，具有部分魔魂的威能。,突破玉可以花费金币还原成完整魔魂，也可以作为魔魂的突破材料。,冒险、活动等,5,0,1,0,,-1,
52058,20058,荆棘女王突破玉(废置）,3,荆棘女王的魔魂破碎以后形成的体力符文，具有部分魔魂的威能。,突破玉可以花费金币还原成完整魔魂，也可以作为魔魂的突破材料。,冒险、活动等,5,0,1,0,,-1,
52059,20059,荆棘统领突破玉(废置）,3,荆棘统领的魔魂破碎以后形成的体力符文，具有部分魔魂的威能。,突破玉可以花费金币还原成完整魔魂，也可以作为魔魂的突破材料。,冒险、活动等,5,0,1,0,,-1,
52060,20060,荆棘之神突破玉(废置）,3,荆棘之神的魔魂破碎以后形成的体力符文，具有部分魔魂的威能。,突破玉可以花费金币还原成完整魔魂，也可以作为魔魂的突破材料。,冒险、活动等,5,0,1,0,,-1,
52061,20061,熔岩之灵突破玉(废置）,2,熔岩之灵的魔魂破碎以后形成的体力符文，具有部分魔魂的威能。,突破玉可以花费金币还原成完整魔魂，也可以作为魔魂的突破材料。,冒险、活动等,5,0,1,0,,-1,
52062,20062,熔岩巨人突破玉(废置）,4,熔岩巨人的魔魂破碎以后形成的体力符文，具有部分魔魂的威能。,突破玉可以花费金币还原成完整魔魂，也可以作为魔魂的突破材料。,冒险、活动等,5,0,1,0,,-1,
52063,20063,熔岩巨像突破玉(废置）,4,熔岩巨像的魔魂破碎以后形成的体力符文，具有部分魔魂的威能。,突破玉可以花费金币还原成完整魔魂，也可以作为魔魂的突破材料。,冒险、活动等,5,0,1,0,,-1,
52064,20064,熔岩巨兽突破玉(废置）,4,熔岩巨兽的魔魂破碎以后形成的体力符文，具有部分魔魂的威能。,突破玉可以花费金币还原成完整魔魂，也可以作为魔魂的突破材料。,冒险、活动等,5,0,1,0,,-1,
52065,20065,掷斧者突破玉(废置）,2,掷斧者的魔魂破碎以后形成的体力符文，具有部分魔魂的威能。,突破玉可以花费金币还原成完整魔魂，也可以作为魔魂的突破材料。,冒险、活动等,5,0,1,0,,-1,
52066,20066,锻斧者突破玉(废置）,2,锻斧者的魔魂破碎以后形成的体力符文，具有部分魔魂的威能。,突破玉可以花费金币还原成完整魔魂，也可以作为魔魂的突破材料。,冒险、活动等,5,0,1,0,,-1,
52067,20067,巨斧斩杀者突破玉(废置）,3,巨斧斩杀者的魔魂破碎以后形成的体力符文，具有部分魔魂的威能。,突破玉可以花费金币还原成完整魔魂，也可以作为魔魂的突破材料。,冒险、活动等,5,0,1,0,,-1,
52068,20068,巨斧斩首者突破玉(废置）,3,巨斧斩首者的魔魂破碎以后形成的体力符文，具有部分魔魂的威能。,突破玉可以花费金币还原成完整魔魂，也可以作为魔魂的突破材料。,冒险、活动等,5,0,1,0,,-1,
52069,20069,地精爆破手突破玉(废置）,3,地精爆破手的魔魂破碎以后形成的体力符文，具有部分魔魂的威能。,突破玉可以花费金币还原成完整魔魂，也可以作为魔魂的突破材料。,冒险、活动等,5,0,1,0,,-1,
52070,20070,地精阴谋家突破玉(废置）,3,地精阴谋家的魔魂破碎以后形成的体力符文，具有部分魔魂的威能。,突破玉可以花费金币还原成完整魔魂，也可以作为魔魂的突破材料。,冒险、活动等,5,0,1,0,,-1,
52071,20071,地精修补匠突破玉(废置）,4,地精修补匠的魔魂破碎以后形成的体力符文，具有部分魔魂的威能。,突破玉可以花费金币还原成完整魔魂，也可以作为魔魂的突破材料。,冒险、活动等,5,0,1,0,,-1,
52072,20072,地精工匠师突破玉(废置）,4,地精工匠师的魔魂破碎以后形成的体力符文，具有部分魔魂的威能。,突破玉可以花费金币还原成完整魔魂，也可以作为魔魂的突破材料。,冒险、活动等,5,0,1,0,,-1,
52073,20073,地精工程师突破玉(废置）,4,地精工程师的魔魂破碎以后形成的体力符文，具有部分魔魂的威能。,突破玉可以花费金币还原成完整魔魂，也可以作为魔魂的突破材料。,冒险、活动等,5,0,1,0,,-1,
52074,20074,地精发明家突破玉(废置）,5,地精发明家的魔魂破碎以后形成的体力符文，具有部分魔魂的威能。,突破玉可以花费金币还原成完整魔魂，也可以作为魔魂的突破材料。,冒险、活动等,5,0,1,0,,-1,
52075,20075,地精科学家突破玉(废置）,5,地精科学家的魔魂破碎以后形成的体力符文，具有部分魔魂的威能。,突破玉可以花费金币还原成完整魔魂，也可以作为魔魂的突破材料。,冒险、活动等,5,0,1,0,,-1,
52076,20076,精灵猎手突破玉(废置）,2,精灵猎手的魔魂破碎以后形成的体力符文，具有部分魔魂的威能。,突破玉可以花费金币还原成完整魔魂，也可以作为魔魂的突破材料。,冒险、活动等,5,0,1,0,,-1,
52077,20077,精灵卫士突破玉(废置）,2,精灵卫士的魔魂破碎以后形成的体力符文，具有部分魔魂的威能。,突破玉可以花费金币还原成完整魔魂，也可以作为魔魂的突破材料。,冒险、活动等,5,0,1,0,,-1,
52078,20078,精灵步兵突破玉(废置）,2,精灵步兵的魔魂破碎以后形成的体力符文，具有部分魔魂的威能。,突破玉可以花费金币还原成完整魔魂，也可以作为魔魂的突破材料。,冒险、活动等,5,0,1,0,,-1,
52079,20079,精灵兽王突破玉(废置）,3,精灵兽王的魔魂破碎以后形成的体力符文，具有部分魔魂的威能。,突破玉可以花费金币还原成完整魔魂，也可以作为魔魂的突破材料。,冒险、活动等,5,0,1,0,,-1,
52080,20080,精灵骑士突破玉(废置）,3,精灵骑士的魔魂破碎以后形成的体力符文，具有部分魔魂的威能。,突破玉可以花费金币还原成完整魔魂，也可以作为魔魂的突破材料。,冒险、活动等,5,0,1,0,,-1,
52081,20081,精灵巫术师突破玉(废置）,3,精灵巫术师的魔魂破碎以后形成的体力符文，具有部分魔魂的威能。,突破玉可以花费金币还原成完整魔魂，也可以作为魔魂的突破材料。,冒险、活动等,5,0,1,0,,-1,
52082,20082,精灵元素师突破玉(废置）,4,精灵元素师的魔魂破碎以后形成的体力符文，具有部分魔魂的威能。,突破玉可以花费金币还原成完整魔魂，也可以作为魔魂的突破材料。,冒险、活动等,5,0,1,0,,-1,
52083,20083,精灵秘法尊者突破玉(废置）,4,精灵秘法尊者的魔魂破碎以后形成的体力符文，具有部分魔魂的威能。,突破玉可以花费金币还原成完整魔魂，也可以作为魔魂的突破材料。,冒险、活动等,5,0,1,0,,-1,
52084,20084,精灵元素尊者突破玉(废置）,4,精灵元素尊者的魔魂破碎以后形成的体力符文，具有部分魔魂的威能。,突破玉可以花费金币还原成完整魔魂，也可以作为魔魂的突破材料。,冒险、活动等,5,0,1,0,,-1,
52085,20085,精灵巫术尊者突破玉(废置）,4,精灵巫术尊者的魔魂破碎以后形成的体力符文，具有部分魔魂的威能。,突破玉可以花费金币还原成完整魔魂，也可以作为魔魂的突破材料。,冒险、活动等,5,0,1,0,,-1,
52086,20086,精灵奥术尊者突破玉(废置）,4,精灵奥术尊者的魔魂破碎以后形成的体力符文，具有部分魔魂的威能。,突破玉可以花费金币还原成完整魔魂，也可以作为魔魂的突破材料。,冒险、活动等,5,0,1,0,,-1,
52087,20087,龙族巫师突破玉(废置）,3,龙族巫师的魔魂破碎以后形成的体力符文，具有部分魔魂的威能。,突破玉可以花费金币还原成完整魔魂，也可以作为魔魂的突破材料。,冒险、活动等,5,0,1,0,,-1,
52088,20088,龙族骑士突破玉(废置）,3,龙族骑士的魔魂破碎以后形成的体力符文，具有部分魔魂的威能。,突破玉可以花费金币还原成完整魔魂，也可以作为魔魂的突破材料。,冒险、活动等,5,0,1,0,,-1,
52089,20089,龙族行刑者突破玉(废置）,4,龙族行刑者的魔魂破碎以后形成的体力符文，具有部分魔魂的威能。,突破玉可以花费金币还原成完整魔魂，也可以作为魔魂的突破材料。,冒险、活动等,5,0,1,0,,-1,
52090,20090,龙族潜行者突破玉(废置）,4,龙族潜行者的魔魂破碎以后形成的体力符文，具有部分魔魂的威能。,突破玉可以花费金币还原成完整魔魂，也可以作为魔魂的突破材料。,冒险、活动等,5,0,1,0,,-1,
52091,20091,龙族偷盗者突破玉(废置）,4,龙族偷盗者的魔魂破碎以后形成的体力符文，具有部分魔魂的威能。,突破玉可以花费金币还原成完整魔魂，也可以作为魔魂的突破材料。,冒险、活动等,5,0,1,0,,-1,
52092,20092,龙族帷幕者突破玉(废置）,4,龙族帷幕者的魔魂破碎以后形成的体力符文，具有部分魔魂的威能。,突破玉可以花费金币还原成完整魔魂，也可以作为魔魂的突破材料。,冒险、活动等,5,0,1,0,,-1,
52093,20093,奥术速龙突破玉(废置）,3,奥术速龙的魔魂破碎以后形成的体力符文，具有部分魔魂的威能。,突破玉可以花费金币还原成完整魔魂，也可以作为魔魂的突破材料。,冒险、活动等,5,0,1,0,,-1,
52094,20094,奥术浮龙突破玉(废置）,3,奥术浮龙的魔魂破碎以后形成的体力符文，具有部分魔魂的威能。,突破玉可以花费金币还原成完整魔魂，也可以作为魔魂的突破材料。,冒险、活动等,5,0,1,0,,-1,
52095,20095,奥术猛龙突破玉(废置）,3,奥术猛龙的魔魂破碎以后形成的体力符文，具有部分魔魂的威能。,突破玉可以花费金币还原成完整魔魂，也可以作为魔魂的突破材料。,冒险、活动等,5,0,1,0,,-1,
52096,20096,禁魔飞龙突破玉(废置）,4,禁魔飞龙的魔魂破碎以后形成的体力符文，具有部分魔魂的威能。,突破玉可以花费金币还原成完整魔魂，也可以作为魔魂的突破材料。,冒险、活动等,5,0,1,0,,-1,
52097,20097,禁魔巨龙突破玉(废置）,4,禁魔巨龙的魔魂破碎以后形成的体力符文，具有部分魔魂的威能。,突破玉可以花费金币还原成完整魔魂，也可以作为魔魂的突破材料。,冒险、活动等,5,0,1,0,,-1,
52098,20098,禁魔翔龙突破玉(废置）,4,禁魔翔龙的魔魂破碎以后形成的体力符文，具有部分魔魂的威能。,突破玉可以花费金币还原成完整魔魂，也可以作为魔魂的突破材料。,冒险、活动等,5,0,1,0,,-1,
52099,20099,灭世龙灵突破玉(废置）,5,灭世龙灵的魔魂破碎以后形成的体力符文，具有部分魔魂的威能。,突破玉可以花费金币还原成完整魔魂，也可以作为魔魂的突破材料。,冒险、活动等,5,0,1,0,,-1,
52100,20100,灭世龙神突破玉(废置）,5,灭世龙神的魔魂破碎以后形成的体力符文，具有部分魔魂的威能。,突破玉可以花费金币还原成完整魔魂，也可以作为魔魂的突破材料。,冒险、活动等,5,0,1,0,,-1,
52101,20101,时空穿梭者突破玉(废置）,4,时空穿梭者的魔魂破碎以后形成的体力符文，具有部分魔魂的威能。,突破玉可以花费金币还原成完整魔魂，也可以作为魔魂的突破材料。,冒险、活动等,5,0,1,0,,-1,
52102,20102,时空突袭者突破玉(废置）,4,时空突袭者的魔魂破碎以后形成的体力符文，具有部分魔魂的威能。,突破玉可以花费金币还原成完整魔魂，也可以作为魔魂的突破材料。,冒险、活动等,5,0,1,0,,-1,
52103,20103,鹰眼斥候突破玉(废置）,1,鹰眼斥候的魔魂破碎以后形成的体力符文，具有部分魔魂的威能。,突破玉可以花费金币还原成完整魔魂，也可以作为魔魂的突破材料。,冒险、活动等,5,0,1,0,,-1,
52104,20104,鹰眼巡查者突破玉(废置）,3,鹰眼巡查者的魔魂破碎以后形成的体力符文，具有部分魔魂的威能。,突破玉可以花费金币还原成完整魔魂，也可以作为魔魂的突破材料。,冒险、活动等,5,0,1,0,,-1,
52105,20105,鹰眼鉴别者突破玉(废置）,3,鹰眼鉴别者的魔魂破碎以后形成的体力符文，具有部分魔魂的威能。,突破玉可以花费金币还原成完整魔魂，也可以作为魔魂的突破材料。,冒险、活动等,5,0,1,0,,-1,
52106,20106,鹰眼捕猎者突破玉(废置）,3,鹰眼捕猎者的魔魂破碎以后形成的体力符文，具有部分魔魂的威能。,突破玉可以花费金币还原成完整魔魂，也可以作为魔魂的突破材料。,冒险、活动等,5,0,1,0,,-1,
52107,20107,神眼绞杀者突破玉(废置）,4,神眼绞杀者的魔魂破碎以后形成的体力符文，具有部分魔魂的威能。,突破玉可以花费金币还原成完整魔魂，也可以作为魔魂的突破材料。,冒险、活动等,5,0,1,0,,-1,
52108,20108,神眼审判者突破玉(废置）,4,神眼审判者的魔魂破碎以后形成的体力符文，具有部分魔魂的威能。,突破玉可以花费金币还原成完整魔魂，也可以作为魔魂的突破材料。,冒险、活动等,5,0,1,0,,-1,
52109,20109,神眼惩罚者突破玉(废置）,4,神眼惩罚者的魔魂破碎以后形成的体力符文，具有部分魔魂的威能。,突破玉可以花费金币还原成完整魔魂，也可以作为魔魂的突破材料。,冒险、活动等,5,0,1,0,,-1,
52110,20110,侏儒研究员突破玉(废置）,2,侏儒研究员的魔魂破碎以后形成的体力符文，具有部分魔魂的威能。,突破玉可以花费金币还原成完整魔魂，也可以作为魔魂的突破材料。,冒险、活动等,5,0,1,0,,-1,
52111,20111,侏儒作业员突破玉(废置）,2,侏儒作业员的魔魂破碎以后形成的体力符文，具有部分魔魂的威能。,突破玉可以花费金币还原成完整魔魂，也可以作为魔魂的突破材料。,冒险、活动等,5,0,1,0,,-1,
52112,20112,侏儒生化怪人突破玉(废置）,3,侏儒生化怪人的魔魂破碎以后形成的体力符文，具有部分魔魂的威能。,突破玉可以花费金币还原成完整魔魂，也可以作为魔魂的突破材料。,冒险、活动等,5,0,1,0,,-1,
52113,20113,侏儒学者突破玉(废置）,2,侏儒学者的魔魂破碎以后形成的体力符文，具有部分魔魂的威能。,突破玉可以花费金币还原成完整魔魂，也可以作为魔魂的突破材料。,冒险、活动等,5,0,1,0,,-1,
52114,20114,侏儒科技大师突破玉(废置）,4,侏儒科技大师的魔魂破碎以后形成的体力符文，具有部分魔魂的威能。,突破玉可以花费金币还原成完整魔魂，也可以作为魔魂的突破材料。,冒险、活动等,5,0,1,0,,-1,
52115,20115,侏儒生化大师突破玉(废置）,4,侏儒生化大师的魔魂破碎以后形成的体力符文，具有部分魔魂的威能。,突破玉可以花费金币还原成完整魔魂，也可以作为魔魂的突破材料。,冒险、活动等,5,0,1,0,,-1,
52116,20116,信仰陷阵者突破玉(废置）,3,信仰陷阵者的魔魂破碎以后形成的体力符文，具有部分魔魂的威能。,突破玉可以花费金币还原成完整魔魂，也可以作为魔魂的突破材料。,冒险、活动等,5,0,1,0,,-1,
52117,20117,信仰裁决者突破玉(废置）,3,信仰裁决者的魔魂破碎以后形成的体力符文，具有部分魔魂的威能。,突破玉可以花费金币还原成完整魔魂，也可以作为魔魂的突破材料。,冒险、活动等,5,0,1,0,,-1,
52118,20118,圣光制裁者突破玉(废置）,4,圣光制裁者的魔魂破碎以后形成的体力符文，具有部分魔魂的威能。,突破玉可以花费金币还原成完整魔魂，也可以作为魔魂的突破材料。,冒险、活动等,5,0,1,0,,-1,
52119,20119,圣光清除者突破玉(废置）,4,圣光清除者的魔魂破碎以后形成的体力符文，具有部分魔魂的威能。,突破玉可以花费金币还原成完整魔魂，也可以作为魔魂的突破材料。,冒险、活动等,5,0,1,0,,-1,
52120,20120,圣光治愈者突破玉(废置）,4,圣光治愈者的魔魂破碎以后形成的体力符文，具有部分魔魂的威能。,突破玉可以花费金币还原成完整魔魂，也可以作为魔魂的突破材料。,冒险、活动等,5,0,1,0,,-1,
52121,20121,神圣拯救者突破玉(废置）,5,神圣拯救者的魔魂破碎以后形成的体力符文，具有部分魔魂的威能。,突破玉可以花费金币还原成完整魔魂，也可以作为魔魂的突破材料。,冒险、活动等,5,0,1,0,,-1,
52122,20122,神圣灭绝者突破玉(废置）,5,神圣灭绝者的魔魂破碎以后形成的体力符文，具有部分魔魂的威能。,突破玉可以花费金币还原成完整魔魂，也可以作为魔魂的突破材料。,冒险、活动等,5,0,1,0,,-1,
52123,20123,神圣救赎者突破玉(废置）,5,神圣救赎者的魔魂破碎以后形成的体力符文，具有部分魔魂的威能。,突破玉可以花费金币还原成完整魔魂，也可以作为魔魂的突破材料。,冒险、活动等,5,0,1,0,,-1,
53001,50004,圣纹强化包B,3,充满魔法力量的魔法石，但是力量很薄弱，整块石头呈白色。,使用后，可以补充10000圣纹能量。,活动,5,0,3,1,[[50001;10000]],-1,
53002,50004,圣纹强化包A,4,充满魔法力量的魔法石，但是力量很薄弱，整块石头呈白色。,使用后，可以补充50000圣纹能量。,活动,5,0,3,1,[[50002;10000]],-1,
53003,50004,圣纹强化包S,5,充满魔法力量的魔法石，但是力量很薄弱，整块石头呈白色。,使用后，可以补充100000圣纹能量。,活动,5,0,3,1,[[50003;10000]],-1,
53004,50005,魔魂强化包B,3,充满了灵魂之力的魔玉，听说可以用来强化勇者们的魔魂。,使用后，可以补充10000魔能。,活动,5,0,3,1,[[50004;10000]],-1,
53005,50005,魔魂强化包A,4,充满了灵魂之力的魔玉，听说可以用来强化勇者们的魔魂。,使用后，可以补充50000魔能。,活动,5,0,3,1,[[50005;10000]],-1,
53006,50005,魔魂强化包S,5,充满了灵魂之力的魔玉，听说可以用来强化勇者们的魔魂。,使用后，可以补充100000魔能。,活动,5,0,3,1,[[50006;10000]],-1,
53007,50006,神器升级包B,3,充满了神圣之力的能量，听说可以用来强化传说中的神器。,使用后，可以补充1000神器能量。,活动,5,0,3,1,[[50007;10000]],-1,
53008,50006,神器升级包A,4,充满了神圣之力的能量，听说可以用来强化传说中的神器。,使用后，可以补充5000神器能量。,活动,5,0,3,1,[[50008;10000]],-1,
53009,50006,神器升级包S,5,充满了神圣之力的能量，听说可以用来强化传说中的神器。,使用后，可以补充10000神器能量。,活动,5,0,3,1,[[50009;10000]],-1,
53010,50008,金币B礼包,3,这个箱子金光闪闪，看来价值不菲。,使用后，可以补充10000金币。,活动,5,0,3,1,[[50010;10000]],-1,
53011,50008,金币A礼包,4,这个箱子金光闪闪，看来价值不菲。,使用后，可以补充50000金币。,活动,5,0,3,1,[[50011;10000]],-1,
53012,50008,金币S礼包,5,这个箱子金光闪闪，看来价值不菲。,使用后，可以补充100000金币。,活动,5,0,3,1,[[50012;10000]],-1,
53013,50010,生产追随蓝B,3,七贤者中的画贤者绘制的追随者卷轴，里面画着不知名的图案。,使用后，可以随机召唤1张蓝色生产追随者。,活动,5,0,3,1,[[50013;10000]],-1,
53014,50010,生产追随蓝S,3,七贤者中的画贤者绘制的追随者卷轴，里面画着不知名的图案。,使用后，可以随机召唤5张蓝色生产追随者。,活动,5,0,3,1,[[50013;10000];[50013;10000];[50013;10000];[50013;10000];[50013;10000]],-1,
53015,50010,生产追随紫B,4,七贤者中的画贤者绘制的追随者卷轴，里面画着不知名的图案。,使用后，可以随机召唤1张紫色生产追随者。,活动,5,0,3,1,[[50014;10000]],-1,
53016,50010,生产追随紫S,4,七贤者中的画贤者绘制的追随者卷轴，里面画着不知名的图案。,使用后，可以随机召唤5张紫色生产追随者。,活动,5,0,3,1,[[50014;10000];[50014;10000];[50014;10000];[50014;10000];[50014;10000]],-1,
53017,50010,生产追随橙B,5,七贤者中的画贤者绘制的追随者卷轴，里面画着不知名的图案。,使用后，可以随机召唤1张橙色生产追随者。,活动,5,0,3,1,[[50015;10000]],-1,
53018,50010,生产追随橙S,5,七贤者中的画贤者绘制的追随者卷轴，里面画着不知名的图案。,使用后，可以随机召唤5张橙色生产追随者。,活动,5,0,3,1,[[50015;10000];[50015;10000];[50015;10000];[50015;10000];[50015;10000]],-1,
53019,50011,探险追随蓝B,3,七贤者中的画贤者绘制的追随者卷轴，里面画着不知名的图案。,使用后，可以随机召唤1张蓝色探险追随者。,活动,5,0,3,1,[[50016;10000]],-1,
53020,50011,探险追随蓝S,3,七贤者中的画贤者绘制的追随者卷轴，里面画着不知名的图案。,使用后，可以随机召唤5张蓝色探险追随者。,活动,5,0,3,1,[[50016;10000];[50016;10000];[50016;10000];[50016;10000];[50016;10000]],-1,
53021,50011,探险追随紫B,4,七贤者中的画贤者绘制的追随者卷轴，里面画着不知名的图案。,使用后，可以随机召唤1张紫色探险追随者。,活动,5,0,3,1,[[50017;10000]],-1,
53022,50011,探险追随紫S,4,七贤者中的画贤者绘制的追随者卷轴，里面画着不知名的图案。,使用后，可以随机召唤5张紫色探险追随者。,活动,5,0,3,1,[[50017;10000];[50017;10000];[50017;10000];[50017;10000];[50017;10000]],-1,
53023,50011,探险追随橙B,5,七贤者中的画贤者绘制的追随者卷轴，里面画着不知名的图案。,使用后，可以随机召唤1张橙色探险追随者。,活动,5,0,3,1,[[50018;10000]],-1,
53024,50011,探险追随橙S,5,七贤者中的画贤者绘制的追随者卷轴，里面画着不知名的图案。,使用后，可以随机召唤5张橙色探险追随者。,活动,5,0,3,1,[[50018;10000];[50018;10000];[50018;10000];[50018;10000];[50018;10000]],-1,
53025,50012,攻防追随蓝B,3,七贤者中的画贤者绘制的追随者卷轴，里面画着不知名的图案。,使用后，可以随机召唤1张蓝色攻防追随者。,活动,5,0,3,1,[[50019;10000]],-1,
53026,50012,攻防追随蓝S,5,七贤者中的画贤者绘制的追随者卷轴，里面画着不知名的图案。,使用后，可以随机召唤5张蓝色攻防追随者。,活动,5,0,3,1,[[50019;10000];[50019;10000];[50019;10000];[50019;10000];[50019;10000]],-1,
53027,50012,攻防追随紫B,4,七贤者中的画贤者绘制的追随者卷轴，里面画着不知名的图案。,使用后，可以随机召唤1张紫色攻防追随者。,活动,5,0,3,1,[[50020;10000]],-1,
53028,50012,攻防追随紫S,4,七贤者中的画贤者绘制的追随者卷轴，里面画着不知名的图案。,使用后，可以随机召唤5张紫色攻防追随者。,活动,5,0,3,1,[[50020;10000];[50020;10000];[50020;10000];[50020;10000];[50020;10000]],-1,
53029,50012,攻防追随橙B,5,七贤者中的画贤者绘制的追随者卷轴，里面画着不知名的图案。,使用后，可以随机召唤1张橙色攻防追随者。,活动,5,0,3,1,[[50021;10000]],-1,
53030,50012,攻防追随橙S,5,七贤者中的画贤者绘制的追随者卷轴，里面画着不知名的图案。,使用后，可以随机召唤5张橙色攻防追随者。,活动,5,0,3,1,[[50021;10000];[50021;10000];[50021;10000];[50021;10000];[50021;10000]],-1,
53031,50013,蓝色追随B,3,七贤者中的画贤者绘制的追随者卷轴，里面画着不知名的图案。,使用后，随机召唤1张蓝色追随者。,活动,5,0,3,1,[[50022;10000]],-1,
53032,50013,蓝色追随S,3,七贤者中的画贤者绘制的追随者卷轴，里面画着不知名的图案。,使用后，随机召唤5张蓝色追随者。,活动,5,0,3,1,[[50022;10000];[50022;10000];[50022;10000];[50022;10000];[50022;10000]],-1,
53033,50013,紫色追随B,4,七贤者中的画贤者绘制的追随者卷轴，里面画着不知名的图案。,使用后，随机召唤1张紫色追随者。,活动,5,0,3,1,[[50023;10000]],-1,
53034,50013,紫色追随S,4,七贤者中的画贤者绘制的追随者卷轴，里面画着不知名的图案。,使用后，随机召唤5张紫色追随者。,活动,5,0,3,1,[[50023;10000];[50023;10000];[50023;10000];[50023;10000];[50023;10000]],-1,
53035,50013,橙色追随B,5,七贤者中的画贤者绘制的追随者卷轴，里面画着不知名的图案。,使用后，随机召唤1张橙色追随者。,活动,5,0,3,1,[[50024;10000]],-1,
53036,50013,橙色追随S,5,七贤者中的画贤者绘制的追随者卷轴，里面画着不知名的图案。,使用后，随机召唤5张橙色追随者。,活动,5,0,3,1,[[50024;10000];[50024;10000];[50024;10000];[50024;10000];[50024;10000]],-1,
53037,50014,蓝色领主B,3,七贤者中的画贤者绘制的追随者卷轴，里面画着不知名的图案。,使用后，随机召唤1张领主追随者。,活动,5,0,3,1,[[50025;10000]],-1,
53038,50014,蓝色领主S,3,七贤者中的画贤者绘制的追随者卷轴，里面画着不知名的图案。,使用后，随机召唤5张领主追随者。,活动,5,0,3,1,[[50025;10000];[50025;10000];[50025;10000];[50025;10000];[50025;10000]],-1,
53039,50014,紫色领主B,4,七贤者中的画贤者绘制的追随者卷轴，里面画着不知名的图案。,使用后，随机召唤1张领主追随者。,活动,5,0,3,1,[[50026;10000]],-1,
53040,50014,紫色领主S,4,七贤者中的画贤者绘制的追随者卷轴，里面画着不知名的图案。,使用后，随机召唤5张领主追随者。,活动,5,0,3,1,[[50026;10000];[50026;10000];[50026;10000];[50026;10000];[50026;10000]],-1,
53041,50014,橙色领主B,5,七贤者中的画贤者绘制的追随者卷轴，里面画着不知名的图案。,使用后，随机召唤1张领主追随者。,活动,5,0,3,1,[[50027;10000]],-1,
53042,50014,橙色领主S,5,七贤者中的画贤者绘制的追随者卷轴，里面画着不知名的图案。,使用后，随机召唤5张领主追随者。,活动,5,0,3,1,[[50027;10000];[50027;10000];[50027;10000];[50027;10000];[50027;10000]],-1,
53043,50005,蓝色魔魂B,3,产自异域之地的箱子，据说打开会获得传说中的魔魂。,使用后，随机获得1个蓝色品质魔魂。,活动,5,0,3,1,[[50028;10000]],-1,
53044,50005,蓝色魔魂S,3,产自异域之地的箱子，据说打开会获得传说中的魔魂。,使用后，随机获得5个蓝色品质魔魂。,活动,5,0,3,1,[[50028;10000];[50028;10000];[50028;10000];[50028;10000];[50028;10000]],-1,
53045,50005,紫色魔魂B,4,产自异域之地的箱子，据说打开会获得传说中的魔魂。,使用后，随机获得1个紫色品质魔魂。,活动,5,0,3,1,[[50029;10000]],-1,
53046,50005,紫色魔魂S,4,产自异域之地的箱子，据说打开会获得传说中的魔魂。,使用后，随机获得5个紫色品质魔魂。,活动,5,0,3,1,[[50029;10000];[50029;10000];[50029;10000];[50029;10000];[50029;10000]],-1,
53047,50005,橙色魔魂B,5,产自异域之地的箱子，据说打开会获得传说中的魔魂。,使用后，随机获得1个橙色品质魔魂。,活动,5,0,3,1,[[50030;10000]],-1,
53048,50005,橙色魔魂S,5,产自异域之地的箱子，据说打开会获得传说中的魔魂。,使用后，随机获得5个橙色品质魔魂。,活动,5,0,3,1,[[50030;10000];[50030;10000];[50030;10000];[50030;10000];[50030;10000]],-1,
53049,50004,圣纹进阶B,3,产自异域之地的箱子，据说打开会获得圣纹进阶的宝物。,使用后，可以获得1个圣纹进阶石。,活动,5,0,3,1,[[50031;10000]],-1,
53050,50004,圣纹进阶A,4,产自异域之地的箱子，据说打开会获得圣纹进阶的宝物。,使用后，可以获得5个圣纹进阶石。,活动,5,0,3,1,[[50032;10000]],-1,
53051,50004,圣纹进阶S,5,产自异域之地的箱子，据说打开会获得圣纹进阶的宝物。,使用后，可以获得10个圣纹进阶石。,活动,5,0,3,1,[[50033;10000]],-1,
53052,50005,魔魂突破B,3,产自异域之地的箱子，据说打开会获魔魂突破的宝物。,使用后，可以获得1个魔魂突破玉。,活动,5,0,3,1,[[50034;10000]],-1,
53053,50005,魔魂突破A,4,产自异域之地的箱子，据说打开会获魔魂突破的宝物。,使用后，可以获得5个魔魂突破玉。,活动,5,0,3,1,[[50035;10000]],-1,
53054,50005,魔魂突破S,5,产自异域之地的箱子，据说打开会获魔魂突破的宝物。,使用后，可以获得10个魔魂突破玉。,活动,5,0,3,1,[[50036;10000]],-1,
53055,50001,三级攻符文B,3,符文大师生产的神秘符文包，谁也不知道里面有什么。,使用后，可以获得1个三级攻击符文。,探险之地,5,0,3,1,[[50037;10000]],-1,
53056,50002,三级攻符文S,4,符文大师生产的神秘符文包，谁也不知道里面有什么。,使用后，可以获得3个三级攻击符文。,探险之地,5,0,3,1,[[50038;10000]],-1,
53057,50001,四级攻符文B,3,符文大师生产的神秘符文包，谁也不知道里面有什么。,使用后，可以获得1个四级攻击符文。,探险之地,5,0,3,1,[[50039;10000]],-1,
53058,50002,四级攻符文S,4,符文大师生产的神秘符文包，谁也不知道里面有什么。,使用后，可以获得3个四级攻击符文。,探险之地,5,0,3,1,[[50040;10000]],-1,
53059,50001,三级防符文B,3,符文大师生产的神秘符文包，谁也不知道里面有什么。,使用后，可以获得1个三级防御符文。,探险之地,5,0,3,1,[[50041;10000]],-1,
53060,50002,三级防符文S,4,符文大师生产的神秘符文包，谁也不知道里面有什么。,使用后，可以获得3个三级防御符文。,探险之地,5,0,3,1,[[50042;10000]],-1,
53061,50001,四级防符文B,3,符文大师生产的神秘符文包，谁也不知道里面有什么。,使用后，可以获得1个四级防御符文。,探险之地,5,0,3,1,[[50043;10000]],-1,
53062,50002,四级防符文S,4,符文大师生产的神秘符文包，谁也不知道里面有什么。,使用后，可以获得3个四级防御符文。,探险之地,5,0,3,1,[[50044;10000]],-1,
53063,50001,三级命符文B,3,符文大师生产的神秘符文包，谁也不知道里面有什么。,使用后，可以获得1个三级生命符文。,探险之地,5,0,3,1,[[50045;10000]],-1,
53064,50002,三级命符文S,4,符文大师生产的神秘符文包，谁也不知道里面有什么。,使用后，可以获得3个三级生命符文。,探险之地,5,0,3,1,[[50046;10000]],-1,
53065,50001,四级命符文B,3,符文大师生产的神秘符文包，谁也不知道里面有什么。,使用后，可以获得1个四级生命符文。,探险之地,5,0,3,1,[[50047;10000]],-1,
53066,50002,四级命符文S,4,符文大师生产的神秘符文包，谁也不知道里面有什么。,使用后，可以获得3个四级生命符文。,探险之地,5,0,3,1,[[50048;10000]],-1,
53067,50001,三级破符文B,3,符文大师生产的神秘符文包，谁也不知道里面有什么。,使用后，可以获得1个三级破击符文。,探险之地,5,0,3,1,[[50049;10000]],-1,
53068,50002,三级破符文S,4,符文大师生产的神秘符文包，谁也不知道里面有什么。,使用后，可以获得3个三级破击符文。,探险之地,5,0,3,1,[[50050;10000]],-1,
53069,50001,四级破符文B,3,符文大师生产的神秘符文包，谁也不知道里面有什么。,使用后，可以获得1个四级破击符文。,探险之地,5,0,3,1,[[50051;10000]],-1,
53070,50002,四级破符文S,4,符文大师生产的神秘符文包，谁也不知道里面有什么。,使用后，可以获得3个四级破击符文。,探险之地,5,0,3,1,[[50052;10000]],-1,
53071,50001,三级平符文B,3,符文大师生产的神秘符文包，谁也不知道里面有什么。,使用后，可以获得1个三级平衡符文。,探险之地,5,0,3,1,[[50053;10000]],-1,
53072,50002,三级平符文S,4,符文大师生产的神秘符文包，谁也不知道里面有什么。,使用后，可以获得3个三级平衡符文。,探险之地,5,0,3,1,[[50054;10000]],-1,
53073,50001,四级平符文B,3,符文大师生产的神秘符文包，谁也不知道里面有什么。,使用后，可以获得1个四级平衡符文。,探险之地,5,0,3,1,[[50055;10000]],-1,
53074,50002,四级平符文S,4,符文大师生产的神秘符文包，谁也不知道里面有什么。,使用后，可以获得3个四级平衡符文。,探险之地,5,0,3,1,[[50056;10000]],-1,
53075,50001,三级护符文B,3,符文大师生产的神秘符文包，谁也不知道里面有什么。,使用后，可以获得1个三级护体符文。,探险之地,5,0,3,1,[[50057;10000]],-1,
53076,50002,三级护符文S,4,符文大师生产的神秘符文包，谁也不知道里面有什么。,使用后，可以获得3个三级护体符文。,探险之地,5,0,3,1,[[50058;10000]],-1,
53077,50001,四级护符文B,3,符文大师生产的神秘符文包，谁也不知道里面有什么。,使用后，可以获得1个四级护体符文。,探险之地,5,0,3,1,[[50059;10000]],-1,
53078,50002,四级护符文S,4,符文大师生产的神秘符文包，谁也不知道里面有什么。,使用后，可以获得3个四级护体符文。,探险之地,5,0,3,1,[[50060;10000]],-1,
53079,50001,三级暴符文B,3,符文大师生产的神秘符文包，谁也不知道里面有什么。,使用后，可以获得1个三级暴击符文。,探险之地,5,0,3,1,[[50061;10000]],-1,
53080,50002,三级暴符文S,4,符文大师生产的神秘符文包，谁也不知道里面有什么。,使用后，可以获得3个三级暴击符文。,探险之地,5,0,3,1,[[50062;10000]],-1,
53081,50001,四级暴符文B,3,符文大师生产的神秘符文包，谁也不知道里面有什么。,使用后，可以获得1个四级暴击符文。,探险之地,5,0,3,1,[[50063;10000]],-1,
53082,50002,四级暴符文S,4,符文大师生产的神秘符文包，谁也不知道里面有什么。,使用后，可以获得3个四级暴击符文。,探险之地,5,0,3,1,[[50064;10000]],-1,
53083,50001,三级韧符文B,3,符文大师生产的神秘符文包，谁也不知道里面有什么。,使用后，可以获得1个三级防暴符文。,探险之地,5,0,3,1,[[50065;10000]],-1,
53084,50002,三级韧符文S,4,符文大师生产的神秘符文包，谁也不知道里面有什么。,使用后，可以获得3个三级防暴符文。,探险之地,5,0,3,1,[[50066;10000]],-1,
53085,50001,四级韧符文B,3,符文大师生产的神秘符文包，谁也不知道里面有什么。,使用后，可以获得1个四级防暴符文。,探险之地,5,0,3,1,[[50067;10000]],-1,
53086,50002,四级韧符文S,4,符文大师生产的神秘符文包，谁也不知道里面有什么。,使用后，可以获得3个四级防暴符文。,探险之地,5,0,3,1,[[50068;10000]],-1,
21001,20001,战技影袭1,1,仇杀者的文案描述,仇杀者的功能说明,远古神殿、神之宝库、关卡宝箱、每日任务,2,0,1,0,,-1,92001
21002,20002,魔技影袭1,2,仇杀者的文案描述,仇杀者的功能说明,远古神殿、神之宝库、关卡宝箱、每日任务,2,0,1,0,,-1,92002
21003,20003,王技影袭1,3,仇杀者的文案描述,仇杀者的功能说明,远古神殿、神之宝库、竞技场,2,0,1,0,,-1,92003
21004,20006,神技影袭2,4,巫术法师的文案描述,巫术法师的功能说明,远古神殿、神之宝库、竞技场,2,0,1,0,,-1,92004
21005,20007,圣技影袭2,5,巫术法师的文案描述,巫术法师的功能说明,远古神殿、神之宝库、竞技场,2,0,1,0,,-1,92005
21006,20009,神技绝影1,4,巫术毁灭者的文案描述,巫术毁灭者的功能说明,远古神殿、神之宝库、竞技场,2,0,1,0,,-1,92006
21007,20010,圣技绝影1,5,巫术毁灭者的文案描述,巫术毁灭者的功能说明,远古神殿、神之宝库、竞技场,2,0,1,0,,-1,92007
21008,20011,神技绝影2,4,鞭笞者的文案描述,鞭笞者的功能说明,远古神殿、神之宝库、关卡宝箱、每日任务,2,0,1,0,,-1,92008
21009,20012,圣技绝影2,5,鞭笞者的文案描述,鞭笞者的功能说明,远古神殿、神之宝库、竞技场,2,0,1,0,,-1,92009
21010,20017,神技百裂斩1,4,末日领主的文案描述,末日领主的功能说明,远古神殿、神之宝库、竞技场,2,0,1,0,,-1,92010
21011,20018,圣技百裂斩1,5,末日领主的文案描述,末日领主的功能说明,远古神殿、神之宝库、竞技场,2,0,1,0,,-1,92011
21012,20019,战技百裂斩2,1,怨灵武士的文案描述,怨灵武士的功能说明,远古神殿、神之宝库、关卡宝箱、每日任务,2,0,1,0,,-1,92012
21013,20020,魔技百裂斩2,2,怨灵武士的文案描述,怨灵武士的功能说明,远古神殿、神之宝库、关卡宝箱、每日任务,2,0,1,0,,-1,92013
21014,20021,王技百裂斩2,3,怨灵武士的文案描述,怨灵武士的功能说明,远古神殿、神之宝库、竞技场,2,0,1,0,,-1,92014
21015,20023,神技百裂斩3,4,暗鳞舞者的文案描述,暗鳞舞者的功能说明,远古神殿、神之宝库、竞技场,2,0,1,0,,-1,92015
21016,20024,圣技百裂斩3,5,暗鳞舞者的文案描述,暗鳞舞者的功能说明,远古神殿、神之宝库、竞技场,2,0,1,0,,-1,92016
21017,20025,战技绝影3,1,勇猛战士的文案描述,勇猛战士的功能说明,远古神殿、神之宝库、关卡宝箱、每日任务,2,0,1,0,,-1,92017
21018,20026,王技绝影3,3,勇猛战士的文案描述,勇猛战士的功能说明,远古神殿、神之宝库、竞技场,2,0,1,0,,-1,92018
21019,20027,魔技绝影3,2,勇猛战士的文案描述,勇猛战士的功能说明,远古神殿、神之宝库、竞技场,2,0,1,0,,-1,92019
21020,20030,圣技绝影4,5,暴怒狂战士的文案描述,暴怒狂战士的功能说明,远古神殿、神之宝库、竞技场,2,0,1,0,,-1,92020
21021,20031,神技暗影1,4,凛风剑客的文案描述,凛风剑客的功能说明,远古神殿、神之宝库、关卡宝箱、每日任务,2,0,1,0,,-1,92021
21022,20032,圣技暗影1,5,凛风剑客的文案描述,凛风剑客的功能说明,远古神殿、神之宝库、竞技场,2,0,1,0,,-1,92022
21023,20037,圣技轰焰1,5,神风剑神的文案描述,神风剑神的功能说明,远古神殿、神之宝库、竞技场,2,0,1,0,,-1,92023
21024,20039,圣技影袭3,5,命运破碎者的文案描述,命运破碎者的功能说明,远古神殿、神之宝库、竞技场,2,0,1,0,,-1,92024
21025,20040,魔技影袭4,2,狼人勇士的文案描述,狼人勇士的功能说明,远古神殿、神之宝库、关卡宝箱、每日任务,2,0,1,0,,-1,92025
21026,20041,王技影袭4,3,狼人勇士的文案描述,狼人勇士的功能说明,远古神殿、神之宝库、竞技场,2,0,1,0,,-1,92026
21027,20046,神技影袭5,4,巨魔先知的文案描述,巨魔先知的功能说明,远古神殿、神之宝库、竞技场,2,0,1,0,,-1,92027
21028,20047,圣技影袭5,5,巨魔先知的文案描述,巨魔先知的功能说明,远古神殿、神之宝库、竞技场,2,0,1,0,,-1,92028
21029,20048,神技百裂斩4,4,熔岩讨伐者的文案描述,熔岩讨伐者的功能说明,远古神殿、神之宝库、关卡宝箱、每日任务,2,0,1,0,,-1,92029
21030,20049,圣技百裂斩4,5,熔岩讨伐者的文案描述,熔岩讨伐者的功能说明,远古神殿、神之宝库、竞技场,2,0,1,0,,-1,92030
21031,20055,神技百裂斩5,4,天擎征服者的文案描述,天擎征服者的功能说明,远古神殿、神之宝库、竞技场,2,0,1,0,,-1,92031
21032,20056,圣技百裂斩5,5,天擎征服者的文案描述,天擎征服者的功能说明,远古神殿、神之宝库、竞技场,2,0,1,0,,-1,92032
21033,20059,神技暗影2,4,荆棘之神的文案描述,荆棘之神的功能说明,远古神殿、神之宝库、竞技场,2,0,1,0,,-1,92033
21034,20060,圣技暗影2,5,荆棘之神的文案描述,荆棘之神的功能说明,远古神殿、神之宝库、竞技场,2,0,1,0,,-1,92034
21035,20063,神技暗影3,4,熔岩巨兽的文案描述,熔岩巨兽的功能说明,远古神殿、神之宝库、竞技场,2,0,1,0,,-1,92035
21036,20064,圣技暗影3,5,熔岩巨兽的文案描述,熔岩巨兽的功能说明,远古神殿、神之宝库、竞技场,2,0,1,0,,-1,92036
21037,20068,圣技暗影4,5,巨斧斩杀者的文案描述,巨斧斩杀者的功能说明,远古神殿、神之宝库、竞技场,2,0,1,0,,-1,92037
21038,20069,战技暗影5,1,地精发明家的文案描述,地精发明家的功能说明,远古神殿、神之宝库、关卡宝箱、每日任务,2,0,1,0,,-1,92038
21039,20070,魔技暗影5,2,地精发明家的文案描述,地精发明家的功能说明,远古神殿、神之宝库、关卡宝箱、每日任务,2,0,1,0,,-1,92039
21040,20072,王技暗影5,3,地精发明家的文案描述,地精发明家的功能说明,远古神殿、神之宝库、竞技场,2,0,1,0,,-1,92040
21041,20080,圣技斩舞1,5,精灵骑士的文案描述,精灵骑士的功能说明,远古神殿、神之宝库、竞技场,2,0,1,0,,-1,92041
21042,20081,战技斩舞2,1,精灵奥术尊者的文案描述,精灵奥术尊者的功能说明,远古神殿、神之宝库、关卡宝箱、每日任务,2,0,1,0,,-1,92042
21043,20082,魔技斩舞2,2,精灵奥术尊者的文案描述,精灵奥术尊者的功能说明,远古神殿、神之宝库、关卡宝箱、每日任务,2,0,1,0,,-1,92043
21044,20083,王技斩舞2,3,精灵奥术尊者的文案描述,精灵奥术尊者的功能说明,远古神殿、神之宝库、竞技场,2,0,1,0,,-1,92044
21045,20092,圣技斩舞3,5,龙族帷幕者的文案描述,龙族帷幕者的功能说明,远古神殿、神之宝库、竞技场,2,0,1,0,,-1,92045
21046,20100,圣技斩舞4,5,灭世龙神的文案描述,灭世龙神的功能说明,远古神殿、神之宝库、竞技场,2,0,1,0,,-1,92046
21047,20102,圣技轰焰2,5,时空突袭者的文案描述,时空突袭者的功能说明,远古神殿、神之宝库、竞技场,2,0,1,0,,-1,92047
21048,20106,圣技轰焰3,5,鹰眼捕猎者的文案描述,鹰眼捕猎者的功能说明,远古神殿、神之宝库、竞技场,2,0,1,0,,-1,92048
21049,20109,圣技轰焰4,5,神眼惩罚者的文案描述,神眼惩罚者的功能说明,远古神殿、神之宝库、竞技场,2,0,1,0,,-1,92049
21050,20111,神技绝影5,4,侏儒生化怪人的文案描述,侏儒生化大师的功能说明,远古神殿、神之宝库、竞技场,2,0,1,0,,-1,92050
21051,20112,圣技绝影5,5,侏儒生化怪人的文案描述,侏儒生化大师的功能说明,远古神殿、神之宝库、竞技场,2,0,1,0,,-1,92051
21052,20115,圣技绝影6,5,侏儒生化大师的文案描述,侏儒生化大师的功能说明,远古神殿、神之宝库、竞技场,2,0,1,0,,-1,92052
21053,20123,圣技绝影7,5,神圣救赎者的文案描述,神圣救赎者的功能说明,远古神殿、神之宝库、竞技场,2,0,1,0,,-1,92053
92001,20001,战技影袭1碎片,1,战技影袭1的碎片,集齐10个战技影袭1的碎片可以合成出1个战技影袭1魔魂,武器碎片测试,2,0,1,0,,-1,
92002,20002,魔技影袭1碎片,2,魔技影袭1的碎片,集齐10个魔技影袭1的碎片可以合成出1个魔技影袭1魔魂,魂魄碎片测试,2,0,1,0,,-1,
92003,20003,王技影袭1碎片,3,王技影袭1的碎片,集齐30个王技影袭1的碎片可以合成出1个王技影袭1魔魂,卡牌碎片测试,2,0,1,0,,-1,
92004,20006,神技影袭2碎片,4,神技影袭2的碎片,集齐50个神技影袭2的碎片可以合成出1个神技影袭2魔魂,,2,0,1,0,,-1,
92005,20007,圣技影袭2碎片,5,圣技影袭2的碎片,集齐80个圣技影袭2的碎片可以合成出1个圣技影袭2魔魂,,2,0,1,0,,-1,
92006,20009,神技绝影1碎片,4,神技绝影1的碎片,集齐50个神技绝影1的碎片可以合成出1个神技绝影1魔魂,,2,0,1,0,,-1,
92007,20010,圣技绝影1碎片,5,圣技绝影1的碎片,集齐80个圣技绝影1的碎片可以合成出1个圣技绝影1魔魂,,2,0,1,0,,-1,
92008,20011,神技绝影2碎片,4,神技绝影2的碎片,集齐50个神技绝影2的碎片可以合成出1个神技绝影2魔魂,,2,0,1,0,,-1,
92009,20012,圣技绝影2碎片,5,圣技绝影2的碎片,集齐80个圣技绝影2的碎片可以合成出1个圣技绝影2魔魂,,2,0,1,0,,-1,
92010,20017,神技百裂斩1碎片,4,神技百裂斩1的碎片,集齐50个神技百裂斩1的碎片可以合成出1个神技百裂斩1魔魂,,2,0,1,0,,-1,
92011,20018,圣技百裂斩1碎片,5,圣技百裂斩1的碎片,集齐80个圣技百裂斩1的碎片可以合成出1个圣技百裂斩1魔魂,,2,0,1,0,,-1,
92012,20019,战技百裂斩2碎片,1,战技百裂斩2的碎片,集齐10个战技百裂斩2的碎片可以合成出1个战技百裂斩2魔魂,,2,0,1,0,,-1,
92013,20020,魔技百裂斩2碎片,2,魔技百裂斩2的碎片,集齐10个魔技百裂斩2的碎片可以合成出1个魔技百裂斩2魔魂,,2,0,1,0,,-1,
92014,20021,王技百裂斩2碎片,3,王技百裂斩2的碎片,集齐30个王技百裂斩2的碎片可以合成出1个王技百裂斩2魔魂,,2,0,1,0,,-1,
92015,20023,神技百裂斩3碎片,4,神技百裂斩3的碎片,集齐50个神技百裂斩3的碎片可以合成出1个神技百裂斩3魔魂,,2,0,1,0,,-1,
92016,20024,圣技百裂斩3碎片,5,圣技百裂斩3的碎片,集齐80个圣技百裂斩3的碎片可以合成出1个圣技百裂斩3魔魂,,2,0,1,0,,-1,
92017,20025,战技绝影3碎片,1,战技绝影3的碎片,集齐10个战技绝影3的碎片可以合成出1个战技绝影3魔魂,,2,0,1,0,,-1,
92018,20026,王技绝影3碎片,3,王技绝影3的碎片,集齐30个王技绝影3的碎片可以合成出1个王技绝影3魔魂,,2,0,1,0,,-1,
92019,20027,魔技绝影3碎片,2,魔技绝影3的碎片,集齐50个魔技绝影3的碎片可以合成出1个魔技绝影3魔魂,,2,0,1,0,,-1,
92020,20030,圣技绝影4碎片,5,圣技绝影4的碎片,集齐80个圣技绝影4的碎片可以合成出1个圣技绝影4魔魂,,2,0,1,0,,-1,
92021,20031,神技暗影1碎片,4,神技暗影1的碎片,集齐50个神技暗影1的碎片可以合成出1个神技暗影1魔魂,,2,0,1,0,,-1,
92022,20032,圣技暗影1碎片,5,圣技暗影1的碎片,集齐80个圣技暗影1的碎片可以合成出1个圣技暗影1魔魂,,2,0,1,0,,-1,
92023,20037,圣技轰焰1碎片,5,圣技轰焰1的碎片,集齐80个圣技轰焰1的碎片可以合成出1个圣技轰焰1魔魂,,2,0,1,0,,-1,
92024,20039,圣技影袭3碎片,5,圣技影袭3的碎片,集齐80个圣技影袭3的碎片可以合成出1个圣技影袭3魔魂,,2,0,1,0,,-1,
92025,20040,魔技影袭4碎片,2,魔技影袭4的碎片,集齐10个魔技影袭4的碎片可以合成出1个魔技影袭4魔魂,,2,0,1,0,,-1,
92026,20041,王技影袭4碎片,3,王技影袭4的碎片,集齐30个王技影袭4的碎片可以合成出1个王技影袭4魔魂,,2,0,1,0,,-1,
92027,20046,神技影袭5碎片,4,神技影袭5的碎片,集齐50个神技影袭5的碎片可以合成出1个神技影袭5魔魂,,2,0,1,0,,-1,
92028,20047,圣技影袭5碎片,5,圣技影袭5的碎片,集齐80个圣技影袭5的碎片可以合成出1个圣技影袭5魔魂,,2,0,1,0,,-1,
92029,20048,神技百裂斩4碎片,4,神技百裂斩4的碎片,集齐50个神技百裂斩4的碎片可以合成出1个神技百裂斩4魔魂,,2,0,1,0,,-1,
92030,20049,圣技百裂斩4碎片,5,圣技百裂斩4的碎片,集齐80个圣技百裂斩4的碎片可以合成出1个圣技百裂斩4魔魂,,2,0,1,0,,-1,
92031,20055,神技百裂斩5碎片,4,神技百裂斩5的碎片,集齐50个神技百裂斩5的碎片可以合成出1个神技百裂斩5魔魂,,2,0,1,0,,-1,
92032,20056,圣技百裂斩5碎片,5,圣技百裂斩5的碎片,集齐80个圣技百裂斩5的碎片可以合成出1个圣技百裂斩5魔魂,,2,0,1,0,,-1,
92033,20059,神技暗影2碎片,4,神技暗影2的碎片,集齐50个神技暗影2的碎片可以合成出1个神技暗影2魔魂,,2,0,1,0,,-1,
92034,20060,圣技暗影2碎片,5,圣技暗影2的碎片,集齐80个圣技暗影2的碎片可以合成出1个圣技暗影2魔魂,,2,0,1,0,,-1,
92035,20063,神技暗影3碎片,4,神技暗影3的碎片,集齐50个神技暗影3的碎片可以合成出1个神技暗影3魔魂,,2,0,1,0,,-1,
92036,20064,圣技暗影3碎片,5,圣技暗影3的碎片,集齐80个圣技暗影3的碎片可以合成出1个圣技暗影3魔魂,,2,0,1,0,,-1,
92037,20068,圣技暗影4碎片,5,圣技暗影4的碎片,集齐80个圣技暗影4的碎片可以合成出1个圣技暗影4魔魂,,2,0,1,0,,-1,
92038,20069,战技暗影5碎片,1,战技暗影5的碎片,集齐10个战技暗影5的碎片可以合成出1个战技暗影5魔魂,,2,0,1,0,,-1,
92039,20070,魔技暗影5碎片,2,魔技暗影5的碎片,集齐10个魔技暗影5的碎片可以合成出1个魔技暗影5魔魂,,2,0,1,0,,-1,
92040,20072,王技暗影5碎片,3,王技暗影5的碎片,集齐30个王技暗影5的碎片可以合成出1个王技暗影5魔魂,,2,0,1,0,,-1,
92041,20080,圣技斩舞1碎片,5,圣技斩舞1的碎片,集齐80个圣技斩舞1的碎片可以合成出1个圣技斩舞1魔魂,,2,0,1,0,,-1,
92042,20081,战技斩舞2碎片,1,战技斩舞2的碎片,集齐10个战技斩舞2的碎片可以合成出1个战技斩舞2魔魂,,2,0,1,0,,-1,
92043,20082,魔技斩舞2碎片,2,魔技斩舞2的碎片,集齐10个魔技斩舞2的碎片可以合成出1个魔技斩舞2魔魂,,2,0,1,0,,-1,
92044,20083,王技斩舞2碎片,3,王技斩舞2的碎片,集齐30个王技斩舞2的碎片可以合成出1个王技斩舞2魔魂,,2,0,1,0,,-1,
92045,20092,圣技斩舞3碎片,5,圣技斩舞3的碎片,集齐80个圣技斩舞3的碎片可以合成出1个圣技斩舞3魔魂,,2,0,1,0,,-1,
92046,20100,圣技斩舞4碎片,5,圣技斩舞4的碎片,集齐80个圣技斩舞4的碎片可以合成出1个圣技斩舞4魔魂,,2,0,1,0,,-1,
92047,20102,圣技轰焰2碎片,5,圣技轰焰2的碎片,集齐80个圣技轰焰2的碎片可以合成出1个圣技轰焰2魔魂,,2,0,1,0,,-1,
92048,20106,圣技轰焰3碎片,5,圣技轰焰3的碎片,集齐80个圣技轰焰3的碎片可以合成出1个圣技轰焰3魔魂,,2,0,1,0,,-1,
92049,20109,圣技轰焰4碎片,5,圣技轰焰4的碎片,集齐80个圣技轰焰4的碎片可以合成出1个圣技轰焰4魔魂,,2,0,1,0,,-1,
92050,20111,神技绝影5碎片,4,神技绝影5的碎片,集齐50个神技绝影5的碎片可以合成出1个神技绝影5魔魂,,2,0,1,0,,-1,
92051,20112,圣技绝影5碎片,5,圣技绝影5的碎片,集齐80个圣技绝影5的碎片可以合成出1个圣技绝影5魔魂,,2,0,1,0,,-1,
92052,20115,圣技绝影6碎片,5,圣技绝影6的碎片,集齐80个圣技绝影6的碎片可以合成出1个圣技绝影6魔魂,,2,0,1,0,,-1,
92053,20123,圣技绝影7碎片,5,圣技绝影7的碎片,集齐80个圣技绝影7的碎片可以合成出1个圣技绝影7魔魂,,2,0,1,0,,-1,
93001,70007,杀手兔碎片,5,杀手兔的碎片,可用于合成杀手兔追随者,冒险、探险之地、卡牌卷轴,7,0,1,0,,-1,
93002,70071,贪食恶魔碎片,1,贪食恶魔的碎片,可用于合成贪食恶魔追随者,冒险、探险之地、卡牌卷轴,7,0,1,0,,-1,
93003,70072,憎恨恶魔碎片,2,憎恨恶魔的碎片,可用于合成憎恨恶魔追随者,冒险、探险之地、卡牌卷轴,7,0,1,0,,-1,
93004,70073,战争恶魔碎片,3,战争恶魔的碎片,可用于合成战争恶魔追随者,冒险、探险之地、卡牌卷轴,7,0,1,0,,-1,
93005,70074,白骨恶魔碎片,4,白骨恶魔的碎片,可用于合成白骨恶魔追随者,冒险、探险之地、卡牌卷轴,7,0,1,0,,-1,
93006,70075,邪恶恶魔碎片,5,邪恶恶魔的碎片,可用于合成邪恶恶魔追随者,冒险、探险之地、卡牌卷轴,7,0,1,0,,-1,
93007,70094,神秘魔导师碎片,2,神秘魔导师的碎片,可用于合成神秘魔导师追随者,冒险、探险之地、卡牌卷轴,7,0,1,0,,-1,
93008,70097,火焰魔导师碎片,4,火焰魔导师的碎片,可用于合成火焰魔导师追随者,冒险、探险之地、卡牌卷轴,7,0,1,0,,-1,
93009,70096,邪教魔导师碎片,2,邪教魔导师的碎片,可用于合成邪教魔导师追随者,冒险、探险之地、卡牌卷轴,7,0,1,0,,-1,
93010,70095,绿袍魔导师碎片,2,绿袍魔导的师碎片,可用于合成绿袍魔导师追随者,冒险、探险之地、卡牌卷轴,7,0,1,0,,-1,
93011,70098,火焰魔导师碎片,4,火焰魔导的师碎片,可用于合成火焰魔导师追随者,冒险、探险之地、卡牌卷轴,7,0,1,0,,-1,
93012,70099,深渊魔导师碎片,3,深渊魔的导师碎片,可用于合成深渊魔导师追随者,冒险、探险之地、卡牌卷轴,7,0,1,0,,-1,
93013,70005,残酷厉鬼碎片,5,残酷厉鬼的碎片,可用于合成残酷厉鬼追随者,冒险、探险之地、卡牌卷轴,7,0,1,0,,-1,
93014,70004,暴走厉鬼碎片,5,暴走厉鬼的碎片,可用于合成暴走厉鬼追随者,冒险、探险之地、卡牌卷轴,7,0,1,0,,-1,
93015,70025,炼狱海盗碎片,1,炼狱海盗碎片,可用于合成炼狱海盗追随者,冒险、探险之地、卡牌卷轴,7,0,1,0,,-1,
93016,70031,死亡海盗碎片,2,死亡海盗的碎片,可用于合成死亡海盗追随者,冒险、探险之地、卡牌卷轴,7,0,1,0,,-1,
93017,70034,黑暗海盗碎片,5,黑暗海盗的碎片,可用于合成黑暗海盗追随者,冒险、探险之地、卡牌卷轴,7,0,1,0,,-1,
93018,70028,烈焰海盗碎片,1,烈焰海盗的碎片,可用于合成烈焰海盗追随者,冒险、探险之地、卡牌卷轴,7,0,1,0,,-1,
93019,70026,纯净海盗碎片,2,纯净海盗的碎片,可用于合成纯净海盗追随者,冒险、探险之地、卡牌卷轴,7,0,1,0,,-1,
93020,70027,静电海盗碎片,3,静电海盗的碎片,可用于合成静电海盗追随者,冒险、探险之地、卡牌卷轴,7,0,1,0,,-1,
93021,70032,审判海盗碎片,4,审判海盗的碎片,可用于合成审判海盗追随者,冒险、探险之地、卡牌卷轴,7,0,1,0,,-1,
93022,70033,冰冷海盗碎片,4,冰冷海盗的碎片,可用于合成冰冷海盗追随者,冒险、探险之地、卡牌卷轴,7,0,1,0,,-1,
93023,70030,原力海盗碎片,2,原力海盗的碎片,可用于合成原力海盗追随者,冒险、探险之地、卡牌卷轴,7,0,1,0,,-1,
93024,70029,奥能海盗碎片,2,奥能海盗的碎片,可用于合成奥能海盗追随者,冒险、探险之地、卡牌卷轴,7,0,1,0,,-1,
93025,70008,风暴邪能碎片,5,风暴邪能的碎片,可用于合成风暴邪能追随者,冒险、探险之地、卡牌卷轴,7,0,1,0,,-1,
93026,70054,爆裂狼人碎片,3,爆裂狼人的碎片,可用于合成爆裂狼人追随者,冒险、探险之地、卡牌卷轴,7,0,1,0,,-1,
93027,70051,湮灭狼人碎片,3,湮灭狼人的碎片,可用于合成湮灭狼人追随者,冒险、探险之地、卡牌卷轴,7,0,1,0,,-1,
93028,70055,狂风狼人碎片,2,狂风狼人的碎片,可用于合成狂风狼人追随者,冒险、探险之地、卡牌卷轴,7,0,1,0,,-1,
93029,70053,无情狼人碎片,2,无情狼人的碎片,可用于合成无情狼人追随者,冒险、探险之地、卡牌卷轴,7,0,1,0,,-1,
93030,70052,邪风狼人碎片,1,邪风狼人的碎片,可用于合成邪风狼人追随者,冒险、探险之地、卡牌卷轴,7,0,1,0,,-1,
93031,70057,灵界狼人碎片,4,灵界狼人的碎片,可用于合成灵界狼人追随者,冒险、探险之地、卡牌卷轴,7,0,1,0,,-1,
93032,70056,愤怒狼人碎片,4,愤怒狼人的碎片,可用于合成愤怒狼人追随者,冒险、探险之地、卡牌卷轴,7,0,1,0,,-1,
93033,70009,恐怖狼人碎片,5,恐怖狼人的碎片,可用于合成恐怖狼人追随者,冒险、探险之地、卡牌卷轴,7,0,1,0,,-1,
93034,70003,利刃骷髅碎片,4,利刃骷髅的碎片,可用于合成利刃骷髅追随者,冒险、探险之地、卡牌卷轴,7,0,1,0,,-1,
93035,70049,绿石忍者碎片,1,绿石忍者的碎片,可用于合成绿石忍者追随者,冒险、探险之地、卡牌卷轴,7,0,1,0,,-1,
93036,70044,暗影忍者碎片,3,暗影忍者的碎片,可用于合成暗影忍者追随者,冒险、探险之地、卡牌卷轴,7,0,1,0,,-1,
93037,70047,紫衫忍者碎片,4,紫衫忍者的碎片,可用于合成紫衫忍者追随者,冒险、探险之地、卡牌卷轴,7,0,1,0,,-1,
93038,70045,暗金忍者碎片,3,暗金忍者的碎片,可用于合成暗金忍者追随者,冒险、探险之地、卡牌卷轴,7,0,1,0,,-1,
93039,70046,流沙忍者碎片,5,流沙忍者的碎片,可用于合成流沙忍者追随者,冒险、探险之地、卡牌卷轴,7,0,1,0,,-1,
93040,70050,雨露忍者碎片,1,雨露忍者的碎片,可用于合成雨露忍者追随者,冒险、探险之地、卡牌卷轴,7,0,1,0,,-1,
93041,70048,信仰忍者碎片,4,信仰忍者的碎片,可用于合成流雨露者追随者,冒险、探险之地、卡牌卷轴,7,0,1,0,,-1,
93042,70001,刀锋海盗碎片,5,刀锋海盗的碎片,可用于合成刀锋海盗追随者,冒险、探险之地、卡牌卷轴,7,0,1,0,,-1,
93043,70002,鱼叉海盗碎片,5,鱼叉海盗的碎片,可用于合成鱼叉海盗追随者,冒险、探险之地、卡牌卷轴,7,0,1,0,,-1,
93044,70059,红莲刀客碎片,3,红莲刀客的碎片,可用于合成红莲刀客追随者,冒险、探险之地、卡牌卷轴,7,0,1,0,,-1,
93045,70062,战歌刀客碎片,1,战歌刀客的碎片,可用于合成战歌刀客追随者,冒险、探险之地、卡牌卷轴,7,0,1,0,,-1,
93046,70060,幽灵刀客碎片,5,幽灵刀客的碎片,可用于合成幽灵刀客追随者,冒险、探险之地、卡牌卷轴,7,0,1,0,,-1,
93047,70058,憎恨刀客碎片,5,憎恨刀客的碎片,可用于合成憎恨刀客追随者,冒险、探险之地、卡牌卷轴,7,0,1,0,,-1,
93048,70063,破碎刀客碎片,2,破碎刀客的碎片,可用于合成破碎刀客追随者,冒险、探险之地、卡牌卷轴,7,0,1,0,,-1,
93049,70061,勇气刀客碎片,3,勇气刀客的碎片,可用于合成勇气刀客追随者,冒险、探险之地、卡牌卷轴,7,0,1,0,,-1,
93050,70067,雷霆剑客碎片,4,雷霆剑客的碎片,可用于合成雷霆剑客追随者,冒险、探险之地、卡牌卷轴,7,0,1,0,,-1,
93051,70070,赤发剑客碎片,1,赤发剑客的碎片,可用于合成赤发剑客追随者,冒险、探险之地、卡牌卷轴,7,0,1,0,,-1,
93052,70064,回音剑客碎片,2,回音剑客的碎片,可用于合成回音剑客追随者,冒险、探险之地、卡牌卷轴,7,0,1,0,,-1,
93053,70069,猛兽剑客碎片,3,猛兽剑客的碎片,可用于合成猛兽剑客追随者,冒险、探险之地、卡牌卷轴,7,0,1,0,,-1,
93054,70068,明心剑客碎片,3,明心剑客的碎片,可用于合成明心剑客追随者,冒险、探险之地、卡牌卷轴,7,0,1,0,,-1,
93055,70066,遗忘剑客碎片,2,遗忘剑客的碎片,可用于合成遗忘剑客追随者,冒险、探险之地、卡牌卷轴,7,0,1,0,,-1,
93056,70065,炽烈剑客碎片,1,炽烈剑客的碎片,可用于合成炽热剑客追随者,冒险、探险之地、卡牌卷轴,7,0,1,0,,-1,
93057,70013,微妙忍者碎片,1,微妙忍者的碎片,可用于合成微妙忍者追随者,冒险、探险之地、卡牌卷轴,7,0,1,0,,-1,
93058,70016,堕落忍者碎片,1,堕落忍者的碎片,可用于合成堕落忍者追随者,冒险、探险之地、卡牌卷轴,7,0,1,0,,-1,
93059,70010,微光忍者碎片,4,微光忍者的碎片,可用于合成微光忍者追随者,冒险、探险之地、卡牌卷轴,7,0,1,0,,-1,
93060,70015,恐惧忍者碎片,2,恐惧忍者的碎片,可用于合成恐惧忍者追随者,冒险、探险之地、卡牌卷轴,7,0,1,0,,-1,
93061,70014,雷霆忍者碎片,3,雷霆忍者的碎片,可用于合成雷霆忍者追随者,冒险、探险之地、卡牌卷轴,7,0,1,0,,-1,
93062,70012,霜凝忍者碎片,3,霜凝忍者的碎片,可用于合成霜凝忍者追随者,冒险、探险之地、卡牌卷轴,7,0,1,0,,-1,
93063,70011,雷电忍者碎片,5,雷电忍者的碎片,可用于合成雷电忍者追随者,冒险、探险之地、卡牌卷轴,7,0,1,0,,-1,
93064,70006,迅疾忍者碎片,5,迅疾忍者的碎片,可用于合成迅疾忍者追随者,冒险、探险之地、卡牌卷轴,7,0,1,0,,-1,
93065,70035,逐风骷髅碎片,1,逐风骷髅的碎片,可用于合成逐风忍者追随者,冒险、探险之地、卡牌卷轴,7,0,1,0,,-1,
93066,70038,肆虐骷髅碎片,1,肆虐骷髅的碎片,可用于合成肆虐忍者追随者,冒险、探险之地、卡牌卷轴,7,0,1,0,,-1,
93067,70041,消极骷髅碎片,4,消极骷髅的碎片,可用于合成肆消极者追随者,冒险、探险之地、卡牌卷轴,7,0,1,0,,-1,
93068,70037,剧毒骷髅碎片,2,剧毒骷髅的碎片,可用于合成剧毒骷髅追随者,冒险、探险之地、卡牌卷轴,7,0,1,0,,-1,
93069,70036,黑暗骷髅碎片,1,黑暗骷髅的碎片,可用于合成黑暗骷髅追随者,冒险、探险之地、卡牌卷轴,7,0,1,0,,-1,
93070,70039,虹吸骷髅碎片,1,虹吸骷髅的碎片,可用于合成虹吸骷髅追随者,冒险、探险之地、卡牌卷轴,7,0,1,0,,-1,
93071,70040,壁垒骷髅碎片,3,壁垒骷髅的碎片,可用于合成壁垒骷髅追随者,冒险、探险之地、卡牌卷轴,7,0,1,0,,-1,
93072,70043,狂暴骷髅碎片,4,狂暴骷髅的碎片,可用于合成狂暴骷髅追随者,冒险、探险之地、卡牌卷轴,7,0,1,0,,-1,
93073,70042,食人骷髅碎片,4,食人骷髅的碎片,可用于合成食人骷髅追随者,冒险、探险之地、卡牌卷轴,7,0,1,0,,-1,
93074,70076,斧柄兔碎片,1,斧柄兔的碎片,可用于合成斧柄兔追随者,冒险、探险之地、卡牌卷轴,7,0,1,0,,-1,
93075,70080,银斧兔碎片,2,银斧兔的碎片,可用于合成银斧兔追随者,冒险、探险之地、卡牌卷轴,7,0,1,0,,-1,
93076,70077,军镐兔碎片,3,军镐兔的碎片,可用于合成军镐兔追随者,冒险、探险之地、卡牌卷轴,7,0,1,0,,-1,
93077,70079,战斧兔碎片,4,战斧兔的碎片,可用于合成战斧兔追随者,冒险、探险之地、卡牌卷轴,7,0,1,0,,-1,
93078,70078,冰镐小兔碎片,5,冰镐小兔的碎片,可用于合成冰镐小兔追随者,冒险、探险之地、卡牌卷轴,7,0,1,0,,-1,
93079,70021,麋鹿冰刀碎片,1,麋鹿冰刀的碎片,可用于合成麋鹿冰刀追随者,冒险、探险之地、卡牌卷轴,7,0,1,0,,-1,
93080,70019,憎恨冰刀碎片,3,憎恨冰刀的碎片,可用于合成憎恨冰刀追随者,冒险、探险之地、卡牌卷轴,7,0,1,0,,-1,
93081,70020,跳跃冰刀碎片,1,跳跃冰刀的碎片,可用于合成跳跃冰刀追随者,冒险、探险之地、卡牌卷轴,7,0,1,0,,-1,
93082,70022,血腥冰刀碎片,4,血腥冰刀的碎片,可用于合成血腥冰刀追随者,冒险、探险之地、卡牌卷轴,7,0,1,0,,-1,
93083,70017,尖刺冰刀碎片,3,尖刺冰刀的碎片,可用于合成尖刺冰刀追随者,冒险、探险之地、卡牌卷轴,7,0,1,0,,-1,
93084,70018,烟幕冰刀碎片,3,烟幕冰刀的碎片,可用于合成烟幕冰刀追随者,冒险、探险之地、卡牌卷轴,7,0,1,0,,-1,
93085,70023,博士冰刀碎片,4,博士冰刀的碎片,可用于合成博士冰刀追随者,冒险、探险之地、卡牌卷轴,7,0,1,0,,-1,
93086,70024,紫奎冰刀碎片,4,紫奎冰刀的碎片,可用于合成紫奎冰刀追随者,冒险、探险之地、卡牌卷轴,7,0,1,0,,-1,
93087,70092,水相战士碎片,3,水相战士的碎片,可用于合成水相战士追随者,冒险、探险之地、卡牌卷轴,7,0,1,0,,-1,
93088,70093,土相战士碎片,4,土相战士的碎片,可用于合成土相战士追随者,冒险、探险之地、卡牌卷轴,7,0,1,0,,-1,
93089,70091,银相战士碎片,4,银相战士的碎片,可用于合成银相战士追随者,冒险、探险之地、卡牌卷轴,7,0,1,0,,-1,
93090,70090,风向战士碎片,3,风向战士的碎片,可用于合成风向战士追随者,冒险、探险之地、卡牌卷轴,7,0,1,0,,-1,
93091,70007,杀手兔碎片,3,杀手兔的碎片,可用于合成杀手兔追随者,冒险、探险之地、卡牌卷轴,7,0,1,0,,-1,
93092,70007,杀手兔碎片,4,杀手兔的碎片,可用于合成杀手兔追随者,冒险、探险之地、卡牌卷轴,7,0,1,0,,-1,
93093,70005,残酷厉鬼碎片,3,残酷厉鬼的碎片,可用于合成残酷厉鬼追随者,冒险、探险之地、卡牌卷轴,7,0,1,0,,-1,
93094,70005,残酷厉鬼碎片,4,残酷厉鬼的碎片,可用于合成残酷厉鬼追随者,冒险、探险之地、卡牌卷轴,7,0,1,0,,-1,
93095,70004,暴走厉鬼碎片,3,暴走厉鬼的碎片,可用于合成暴走厉鬼追随者,冒险、探险之地、卡牌卷轴,7,0,1,0,,-1,
93096,70004,暴走厉鬼碎片,4,暴走厉鬼的碎片,可用于合成暴走厉鬼追随者,冒险、探险之地、卡牌卷轴,7,0,1,0,,-1,
93097,70008,风暴邪能碎片,3,风暴邪能的碎片,可用于合成风暴邪能追随者,冒险、探险之地、卡牌卷轴,7,0,1,0,,-1,
93098,70008,风暴邪能碎片,4,风暴邪能的碎片,可用于合成风暴邪能追随者,冒险、探险之地、卡牌卷轴,7,0,1,0,,-1,
93099,70009,恐怖狼人碎片,3,恐怖狼人的碎片,可用于合成恐怖狼人追随者,冒险、探险之地、卡牌卷轴,7,0,1,0,,-1,
93100,70009,恐怖狼人碎片,4,恐怖狼人的碎片,可用于合成恐怖狼人追随者,冒险、探险之地、卡牌卷轴,7,0,1,0,,-1,
93101,70001,刀锋海盗碎片,3,刀锋海盗的碎片,可用于合成刀锋海盗追随者,冒险、探险之地、卡牌卷轴,7,0,1,0,,-1,
93102,70001,刀锋海盗碎片,4,刀锋海盗的碎片,可用于合成刀锋海盗追随者,冒险、探险之地、卡牌卷轴,7,0,1,0,,-1,
93103,70002,鱼叉海盗碎片,3,鱼叉海盗的碎片,可用于合成鱼叉海盗追随者,冒险、探险之地、卡牌卷轴,7,0,1,0,,-1,
93104,70002,鱼叉海盗碎片,4,鱼叉海盗的碎片,可用于合成鱼叉海盗追随者,冒险、探险之地、卡牌卷轴,7,0,1,0,,-1,
93105,70006,迅疾忍者碎片,3,迅疾忍者的碎片,可用于合成迅疾忍者追随者,冒险、探险之地、卡牌卷轴,7,0,1,0,,-1,
93106,70006,迅疾忍者碎片,4,迅疾忍者的碎片,可用于合成迅疾忍者追随者,冒险、探险之地、卡牌卷轴,7,0,1,0,,-1,
21054,20106,终技轰焰3,6,神圣救赎者的文案描述,神圣救赎者的功能说明,远古神殿、神之宝库、竞技场,2,0,1,0,,-1,92053
21055,20068,终技暗影4,6,神圣救赎者的文案描述,神圣救赎者的功能说明,远古神殿、神之宝库、竞技场,2,0,1,0,,-1,92053
21056,20037,终技轰焰1,6,神圣救赎者的文案描述,神圣救赎者的功能说明,远古神殿、神之宝库、竞技场,2,0,1,0,,-1,92053
