id,name,assessLevelid,assessLevel,element,SoulStone,sequenceID,skill,sequence1_1,sequence1_2,breakLevel1,change1,light1,instructions1,sequence2_1,sequence2_2,breakLevel2,change2,light2,instructions2,sequence3_1,sequence3_2,breakLevel3,change3,light3,instructions3,sequence4_1,sequence4_2,breakLevel4,change4,light4,instructions4,sequence5_1,sequence5_2,breakLevel5,change5,light5,instructions5,test1,test2,test3,test4,boy1,girl1,test5,test6
int,string,int,string,int,int,int,int,string,string,int,int,string,string,string,string,int,int,string,string,string,string,int,int,string,string,string,string,int,int,string,string,string,string,int,int,string,string,string,string,string,string,int,int,string,string
魔魂id,魔魂名称,评价等级(1d、2c、3b、4a、5s),评价等级,元素类型,对应灵魂石ID,连携匹配ID,技能id,职业1连携1,职业2连携2,1突破开放等级,技能变化1,亮灯变化1,连携说明1,职业1连携2,职业2连携2,2突破开放等级,技能变化2,亮灯变化2,连携说明2,职业1连携3,职业2连携3,3突破开放等级,技能变化3,亮灯变化3,连携说明3,职业1连携4,职业2连携4,4突破开放等级,技能变化4,亮灯变化4,连携说明4,职业1连携5,职业2连携5,5突破开放等级,技能变化5,亮灯变化5,连携说明5,文字说明,文字说明,文字连携说明,文字连携说明,男角色技能显示,女角色既能显示,招式性能男,招式性能女
20001,战技影袭1,1,d,9,52001,1001,10001,-1,-1,0,-1,-1,-1,-1,-1,-1,-1,-1,-1,-1,-1,-1,-1,-1,-1,-1,-1,-1,-1,-1,-1,-1,-1,-1,-1,-1,-1,60%基础攻击伤害$血雨风暴：突进技 纵身向前旋转冲刺一段距离 将被击到的敌人向前击飞 ,60%基础攻击伤害$二连斩：挑空技 向前挥动大剑将敌人向上挑空击飞,没有连携效果,没有连携效果,3,4,高速突进技,连续多段技
20002,魔技影袭1,2,c,13,52002,1001,10002,-1,-1,0,-1,-1,-1,-1,-1,-1,-1,-1,-1,-1,-1,-1,-1,-1,-1,-1,-1,-1,-1,-1,-1,-1,-1,-1,-1,-1,-1,80%基础攻击伤害$血雨风暴：突进技 纵身向前旋转冲刺一段距离 将被击到的敌人向前击飞,80%基础攻击伤害$二连斩：挑空技 向前挥动大剑将敌人向上挑空击飞,没有连携效果,没有连携效果,3,4,高速突进技,连续多段技
20003,王技影袭1,3,b,10,52003,1001,10003,1001;1006,1001;1006,0,10004,-1,提升50%基础伤害持续10秒,-1,-1,-1,-1,-1,-1,-1,-1,-1,-1,-1,-1,-1,-1,-1,-1,-1,-1,-1,-1,-1,-1,-1,-1,100%基础攻击伤害$血雨风暴：突进技 纵身向前旋转冲刺一段距离 将被击到的敌人向前击飞,100%基础攻击伤害$二连斩：挑空技 向前挥动大剑将敌人向上挑空击飞,连携一：王技影袭1+百裂斩2$提升50%基础伤害持续10秒,连携一：王技影袭1+百裂斩2$提升50%基础伤害持续10秒,3,4,高速突进技,连续多段技
20004,魔技影袭2,2,c,11,52004,1002,10005,-1,-1,0,-1,-1,-1,-1,-1,-1,-1,-1,-1,-1,-1,-1,-1,-1,-1,-1,-1,-1,-1,-1,-1,-1,-1,-1,-1,-1,-1,80%基础攻击伤害$强化血雨风暴：突进技 纵身向前旋转冲刺更远 将被击到的敌人向前击飞,80%基础攻击伤害$龙破斩：突进技 双手持大剑快速旋转产生旋风并向前挥出 旋风击到的敌人会被击飞,没有连携效果,没有连携效果,3,4,高速突进技,连续多段技
20005,魔技影袭2,2,c,10,52005,1002,10006,-1,-1,0,-1,-1,-1,-1,-1,-1,-1,-1,-1,-1,-1,-1,-1,-1,-1,-1,-1,-1,-1,-1,-1,-1,-1,-1,-1,-1,-1,80%基础攻击伤害$强化血雨风暴：突进技 纵身向前旋转冲刺更远 将被击到的敌人向前击飞,80%基础攻击伤害$龙破斩：突进技 双手持大剑快速旋转产生旋风并向前挥出 旋风击到的敌人会被击飞,没有连携效果,没有连携效果,3,4,高速突进技,连续多段技
20006,王技影袭2,3,b,9,52006,1002,10005,1002;1015,1002;1015,0,10007,-1,恢复血量8%,-1,-1,0,-1,-1,-1,-1,-1,-1,-1,-1,-1,-1,-1,-1,-1,-1,-1,-1,-1,-1,-1,-1,-1,100%基础攻击伤害$强化血雨风暴：突进技 纵身向前旋转冲刺更远 将被击到的敌人向前击飞,100%基础攻击伤害$龙破斩：突进技 双手持大剑快速旋转产生旋风并向前挥出 旋风击到的敌人会被击飞,连携一：神技影袭2+百裂斩4$恢复血量8%,连携一：神技影袭2+百裂斩4$恢复血量8%,3,4,高速突进技,连续多段技
20007,圣技影袭2,5,s,13,52007,1002,10006,1002;1003,1002;1003,0,10009,-1,提升80%暴击属性持续10秒,1002;1009,1002;1009,0,10010,-1,提升80%暴击属性持续15秒,1002;1004;1015,1002;1004;1015,0,10011,-1,提升80%暴击属性持续25秒,-1,-1,-1,-1,-1,-1,-1,-1,-1,-1,-1,-1,140%基础攻击伤害$强化血雨风暴：突进技 纵身向前旋转冲刺更远 将被击到的敌人向前击飞,140%基础攻击伤害$龙破斩：突进技 双手持大剑快速旋转产生旋风并向前挥出 旋风击到的敌人会被击飞,连携一：圣技影袭2+绝影1$提升80%暴击率持续10秒$连携二：圣技影袭2+绝影4$提升80%暴击率持续15秒$连携三：圣技影袭2+绝影2+百裂斩4$提升80%暴击率持续25秒,连携一：圣技影袭2+绝影1$提升80%暴击率持续10秒$连携二：圣技影袭2+绝影4$提升80%暴击率持续15秒$连携三：圣技影袭2+绝影2+百裂斩4$提升80%暴击率持续25秒,3,4,高速突进技,连续多段技
20008,战技绝影1,1,d,11,52008,1003,10013,-1,-1,0,-1,-1,-1,-1,-1,-1,-1,-1,-1,-1,-1,-1,-1,-1,-1,-1,-1,-1,-1,-1,-1,-1,-1,-1,-1,-1,-1,60%基础攻击伤害$满月斩：连续技 向前跳起发动旋转攻击 将敌人击飞（在空中释放将垂直向下旋转攻击）,60%基础攻击伤害$龙吟斩：连续技 双手持大剑快速旋转产生多个旋风并向前挥出 旋风击到的敌人会被击飞,没有连携效果,没有连携效果,4,4,连续多段技,连续多段技
20009,王技绝影1,3,b,10,52009,1003,10013,1003;1004,1003;1004,0,10015,-1,提升60%基础伤害持续10秒,-1,-1,0,-1,-1,-1,-1,-1,-1,-1,-1,-1,-1,-1,-1,-1,-1,-1,-1,-1,-1,-1,-1,-1,100%基础攻击伤害$满月斩：连续技 向前跳起发动旋转攻击 将敌人击飞（在空中释放将垂直向下旋转攻击）,100%基础攻击伤害$龙吟斩：连续技 双手持大剑快速旋转产生多个旋风并向前挥出 旋风击到的敌人会被击飞,连携一：王技绝影1+绝影2$提升60%基础伤害持续10秒,连携一：王技绝影1+绝影2$提升60%基础伤害持续10秒,4,4,连续多段技,连续多段技
20010,圣技绝影1,5,s,11,52010,1003,10014,1003;1005,1003;1005,0,10017,-1,提升80%防御力持续10秒,1003;1018,1003;1018,0,10018,-1,提升80%防御力持续15秒,1003;1014;1018,1003;1014;1018,0,10019,-1,提升80%防御力持续25秒,-1,-1,-1,-1,-1,-1,-1,-1,-1,-1,-1,-1,140%基础攻击伤害$满月斩：连续技 向前跳起发动旋转攻击 将敌人击飞（在空中释放将垂直向下旋转攻击）,140%基础攻击伤害$龙吟斩：连续技 双手持大剑快速旋转产生多个旋风并向前挥出 旋风击到的敌人会被击飞,连携一：圣技绝影1+百裂斩1$提升80%防御力持续10秒$连携二：圣技绝影1+暗影3$提升80%防御力持续15秒$连携三：圣技绝影1+影袭5+暗影3$提升80%防御力持续25秒,连携一：圣技绝影1+百裂斩1$提升80%防御力持续10秒$连携二：圣技绝影1+暗影3$提升80%防御力持续15秒$连携三：圣技绝影1+影袭5+暗影3$提升80%防御力持续25秒,4,4,连续多段技,连续多段技
20011,魔技绝影2,2,c,13,52011,1004,10020,-1,-1,0,-1,-1,-1,-1,-1,0,-1,-1,-1,-1,-1,-1,-1,-1,-1,-1,-1,-1,-1,-1,-1,-1,-1,-1,-1,-1,-1,80%基础攻击伤害$强化满月斩：连续技 向前跳起更远发动旋转攻击 将敌人击飞（在空中释放将垂直向下旋转攻击）,80%基础攻击伤害$挑击：挑空技 挥动大剑向上挑击 将敌人向上挑空一段距离,没有连携效果,没有连携效果,4,4,连续多段技,连续多段技
20012,圣技绝影2,5,s,9,52012,1004,10021,1004;1011,1004;1011,0,10025,-1,恢复血量10% ,1004;1019,1004;1019,0,10026,-1,恢复血量20%,1004;1027;1023,1004;1027;1023,0,10027,-1,恢复血量30%,-1,-1,-1,-1,-1,-1,-1,-1,-1,-1,-1,-1,140%基础攻击伤害$强化满月斩：连续技 向前跳起更远发动旋转攻击 将敌人击飞（在空中释放将垂直向下旋转攻击）,140%基础攻击伤害$挑击：挑空技 挥动大剑向上挑击 将敌人向上挑空一段距离,连携一：圣技绝影2+轰焰1$恢复血量10%$连携二：圣技绝影2+暗影4$恢复血量20%$连携三：圣技绝影2+轰焰4+斩舞3$恢复血量30%,连携一：圣技绝影2+轰焰1$恢复血量10%$连携二：圣技绝影2+暗影4$恢复血量20%$连携三：圣技绝影2+轰焰4+斩舞3$恢复血量30%,4,4,连续多段技,连续多段技
20013,战技百裂斩1,1,d,13,52013,1005,10025,-1,-1,0,-1,-1,-1,-1,-1,-1,-1,-1,-1,-1,-1,-1,-1,-1,-1,-1,-1,-1,-1,-1,-1,-1,-1,-1,-1,-1,-1,60%基础攻击伤害$剑刃乱舞：突进技 挥出多道刀光并快速向前突进 将所有敌人向前击飞,60%基础攻击伤害$旋风斩：连续技 双手持大剑发动旋转攻击将敌人持续挑空,没有连携效果,没有连携效果,3,4,高速突进技,连续多段技
20014,魔技百裂斩1,2,c,10,52014,1005,10026,-1,-1,0,-1,-1,-1,-1,-1,-1,-1,-1,-1,-1,-1,-1,-1,-1,-1,-1,-1,-1,-1,-1,-1,-1,-1,-1,-1,-1,-1,80%基础攻击伤害$剑刃乱舞：突进技 挥出多道刀光并快速向前突进 将所有敌人向前击飞,80%基础攻击伤害$旋风斩：连续技 双手持大剑发动旋转攻击将敌人持续挑空,没有连携效果,没有连携效果,3,4,高速突进技,连续多段技
20015,王技百裂斩1,3,b,9,52015,1005,10027,1005;1012,1005;1012,0,10031,-1,恢复10%血量,-1,-1,-1,-1,-1,-1,-1,-1,-1,-1,-1,-1,-1,-1,-1,-1,-1,-1,-1,-1,-1,-1,-1,-1,100%基础攻击伤害$剑刃乱舞：突进技 挥出多道刀光并快速向前突进 将所有敌人向前击飞,100%基础攻击伤害$旋风斩：连续技 双手持大剑发动旋转攻击将敌人持续挑空,连携一：百裂斩1+影袭3$恢复10%血量,连携一：百裂斩1+影袭3$恢复10%血量,3,4,高速突进技,连续多段技
20016,王技百裂斩1,3,b,13,52016,1005,10028,1005;1007,1005;1007,0,10032,-1,提升50%暴击属性持续10秒,-1,-1,-1,-1,-1,-1,-1,-1,-1,-1,-1,-1,-1,-1,-1,-1,-1,-1,-1,-1,-1,-1,-1,-1,100%基础攻击伤害$剑刃乱舞：突进技 挥出多道刀光并快速向前突进 将所有敌人向前击飞,100%基础攻击伤害$旋风斩：连续技 双手持大剑发动旋转攻击将敌人持续挑空,连携一：百裂斩1+百裂斩3$提升50%暴击率持续10秒,连携一：百裂斩1+百裂斩3$提升50%暴击率持续10秒,3,4,高速突进技,连续多段技
20017,神技百裂斩1,4,a,12,52017,1005,10028,1005;1007,1005;1007,0,10030,-1,提升60%破击属性持续10秒,1005;1009,1005;1009,0,10031,-1,提升60%破击属性持续15秒,-1,-1,-1,-1,-1,-1,-1,-1,-1,-1,-1,-1,-1,-1,-1,-1,-1,-1,120%基础攻击伤害$剑刃乱舞：突进技 挥出多道刀光并快速向前突进 将所有敌人向前击飞,120%基础攻击伤害$旋风斩：连续技 双手持大剑发动旋转攻击将敌人持续挑空,连携一：神技百裂斩1+百裂斩3$提升60%破击属性持续10秒$连携二：神技百裂斩1+绝影4$提升60%破击属性持续15秒,连携一：神技百裂斩1+百裂斩3$提升60%破击属性持续10秒$连携二：神技百裂斩1+绝影4$提升60%破击属性持续15秒,3,4,高速突进技,连续多段技
20018,圣技百裂斩1,5,s,11,52018,1005,10029,1005;1003,1005;1003,0,10032,-1,提升80%防御力持续10秒,1005;1015,1005;1015,0,10033,-1,提升80%防御力持续15秒,1005;1016;1017,1005;1016;1017,0,10034,-1,提升80%防御力持续25秒,-1,-1,-1,-1,-1,-1,-1,-1,-1,-1,-1,-1,140%基础攻击伤害$剑刃乱舞：突进技 挥出多道刀光并快速向前突进 将所有敌人向前击飞,140%基础攻击伤害$旋风斩：连续技 双手持大剑发动旋转攻击将敌人持续挑空,连携一：圣技百裂斩1+绝影1$提升80%防御力持续10秒$连携二：圣技百裂斩1+百裂斩4$提升80%防御力持续15秒$连携三：圣技百裂斩1+百裂斩5+暗影2$提升80%防御力持续25秒,连携一：圣技百裂斩1+绝影1$提升80%防御力持续10秒$连携二：圣技百裂斩1+百裂斩4$提升80%防御力持续15秒$连携三：圣技百裂斩1+百裂斩5+暗影2$提升80%防御力持续25秒,3,4,高速突进技,连续多段技
20019,战技百裂斩2,1,d,9,52019,1006,10038,-1,-1,0,-1,-1,-1,-1,-1,-1,-1,-1,-1,-1,-1,-1,-1,-1,-1,-1,-1,-1,-1,-1,-1,-1,-1,-1,-1,-1,-1,60%基础攻击伤害$虚空斩：连续技 聚集力量向前挥舞 在前方一段距离产生三连刀光牵制敌人,60%基础攻击伤害$怒斩：连续技 向前扔出大剑将敌人挑空 随后大剑回拉将敌人拉向自己,没有连携效果,没有连携效果,4,4,连续多段技,连续多段技
20020,魔技百裂斩2,2,c,11,52020,1006,10039,-1,-1,0,-1,-1,-1,-1,-1,-1,-1,-1,-1,-1,-1,-1,-1,-1,-1,-1,-1,-1,-1,-1,-1,-1,-1,-1,-1,-1,-1,80%基础攻击伤害$虚空斩：连续技 聚集力量向前挥舞 在前方一段距离产生三连刀光牵制敌人,80%基础攻击伤害$怒斩：连续技 向前扔出大剑将敌人挑空 随后大剑回拉将敌人拉向自己,没有连携效果,没有连携效果,4,4,连续多段技,连续多段技
20021,王技百裂斩2,3,b,13,52021,1006,10040,1006;1001,1006;1001,0,10041,-1,提升50%暴击属性持续10秒,-1,-1,-1,-1,-1,-1,-1,-1,-1,-1,-1,-1,-1,-1,-1,-1,-1,-1,-1,-1,-1,-1,-1,-1,100%基础攻击伤害$虚空斩：连续技 聚集力量向前挥舞 在前方一段距离产生三连刀光牵制敌人,100%基础攻击伤害$怒斩：连续技 向前扔出大剑将敌人挑空 随后大剑回拉将敌人拉向自己,连携一：王技百裂斩2+影袭1$提升50%暴击率持续10秒,连携一：王技百裂斩2+影袭1$提升50%暴击率持续10秒,4,4,连续多段技,连续多段技
20022,神技百裂斩2,4,a,9,52022,1006,10041,1006;1021,1006;1021,0,10043,-1,恢复10%血量,1006;1028,1006;1028,0,10044,-1,恢复20%血量,-1,-1,-1,-1,-1,-1,-1,-1,-1,-1,-1,-1,-1,-1,-1,-1,-1,-1,120%基础攻击伤害$虚空斩：连续技 聚集力量向前挥舞 在前方一段距离产生三连刀光牵制敌人,120%基础攻击伤害$怒斩：连续技 向前扔出大剑将敌人挑空 随后大剑回拉将敌人拉向自己,连携一：百裂斩2+斩舞1$恢复10%血量$连携二：百裂斩2+绝影5$恢复20%血量,连携一：百裂斩2+斩舞1$恢复10%血量$连携二：百裂斩2+绝影5$恢复20%血量,4,4,连续多段技,连续多段技
20023,神技百裂斩3,4,a,9,52023,1007,10045,1007;1018,1007;1018,0,10047,-1,恢复血量8%,1007;1028,1007;1028,0,10048,-1,恢复血量15%,-1,-1,-1,-1,-1,-1,-1,-1,-1,-1,-1,-1,-1,-1,-1,-1,-1,-1,120%基础攻击伤害$强化虚空斩：连续技 聚集力量向前挥舞 在前方一段距离产生五连刀光牵制敌人 最后一击将敌人挑空,120%基础攻击伤害$跳跃斩：连续技 全力向前跃起旋转向下劈斩将敌人击向空中,连携一：神技百裂斩3+暗影3$恢复血量8%$连携二：神技百裂斩3+绝影5$恢复血量15%,连携一：神技百裂斩3+暗影3$恢复血量8%$连携二：神技百裂斩3+绝影5$恢复血量15%,4,4,连续多段技,连续多段技
20024,圣技百裂斩3,5,s,13,52024,1007,10046,1007;1011,1007;1011,0,10049,-1,提升80%暴击属性持续10秒,1007;1018,1007;1018,0,10050,-1,提升80%暴击属性持续15秒,1007;1026;1025,1007;1026;1025,0,10051,-1,提升80%暴击属性持续25秒,-1,-1,-1,-1,-1,-1,-1,-1,-1,-1,-1,-1,140%基础攻击伤害$强化虚空斩：连续技 聚集力量向前挥舞 在前方一段距离产生五连刀光牵制敌人 最后一击将敌人挑空,140%基础攻击伤害$跳跃斩：连续技 全力向前跃起旋转向下劈斩将敌人击向空中,连携一：圣技百裂斩3+轰焰1$提升80%暴击率持续10秒$连携二：圣技百裂斩3+暗影3$提升80%暴击率持续15秒$连携三：圣技百裂斩3+轰焰3+轰焰2$提升80%暴击率持续25秒,连携一：圣技百裂斩3+轰焰1$提升80%暴击率持续10秒$连携二：圣技百裂斩3+暗影3$提升80%暴击率持续15秒$连携三：圣技百裂斩3+轰焰3+轰焰2$提升80%暴击率持续25秒,4,4,连续多段技,连续多段技
20025,战技绝影3,1,d,13,52025,1008,10052,-1,-1,0,-1,-1,-1,-1,-1,-1,-1,-1,-1,-1,-1,-1,-1,-1,-1,-1,-1,-1,-1,-1,-1,-1,-1,-1,-1,-1,-1,60%基础攻击伤害$半月斩：连续技 全力向前挥舞武器 将攻击到的敌人击向空中,60%基础攻击伤害$蓄力斩：连续技 双手持大剑蓄力 随后向前挥舞出一道刀光将敌人挑空,没有连携效果,没有连携效果,4,4,连续多段技,连续多段技
20026,王技绝影3,3,b,11,52026,1008,10053,1008;1020,1008;1020,0,10055,-1,提升50%防御力持续10秒,-1,-1,-1,-1,-1,-1,-1,-1,-1,-1,-1,-1,-1,-1,-1,-1,-1,-1,-1,-1,-1,-1,-1,-1,100%基础攻击伤害$半月斩：连续技 全力向前挥舞武器 将攻击到的敌人击向空中,100%基础攻击伤害$蓄力斩：连续技 双手持大剑蓄力 随后向前挥舞出一道刀光将敌人挑空,连携一：王技绝影3+暗影5$提升50%防御力持续10秒,连携一：王技绝影3+暗影5$提升50%防御力持续10秒,4,4,连续多段技,连续多段技
20027,圣技绝影3,5,s,9,52027,1008,10054,1008;1001,1008;1001,0,10055,-1,提升50%防御力持续10秒,1008;1002,1008;1002,0,10055,-1,提升50%防御力持续15秒,1008;1003;1005,1008;1003;1005,0,10055,-1,提升50%防御力持续30秒,-1,-1,-1,-1,-1,-1,-1,-1,-1,-1,-1,-1,140%基础攻击伤害$半月斩：连续技 全力向前挥舞武器 将攻击到的敌人击向空中,140%基础攻击伤害$蓄力斩：连续技 双手持大剑蓄力 随后向前挥舞出一道刀光将敌人挑空,连携一：圣技百裂斩1+绝影1$提升50%防御力持续10秒$连携二：圣技百裂斩1+百裂斩4$提升50%防御力持续15秒$连携三：圣技百裂斩1+百裂斩5+暗影2$提升50%防御力持续30秒,连携一：圣技百裂斩1+绝影1$提升50%防御力持续10秒$连携二：圣技百裂斩1+百裂斩4$提升50%防御力持续15秒$连携三：圣技百裂斩1+百裂斩5+暗影2$提升50%防御力持续30秒,4,4,连续多段技,连续多段技
20028,战技绝影4,1,d,12,52028,1009,10059,-1,-1,0,-1,-1,-1,-1,-1,-1,-1,-1,-1,-1,-1,-1,-1,-1,-1,-1,-1,-1,-1,-1,-1,-1,-1,-1,-1,-1,-1,60%基础攻击伤害$升龙斩：挑空技 聚集力量奋力向上挑击并跳起 将敌人击向空中,60%基础攻击伤害$暴怒连斩：挑空技 挥舞大剑向前挥出三道刀光 将所有敌人挑空,没有连携效果,没有连携效果,2,4,挑空升龙技,连续多段技
20029,神技绝影4,4,a,10,52029,1009,10060,1009;1030,1009;1030,0,10062,-1,提升50%基础伤害持续10秒,1009;1010,1009;1010,0,10063,-1,提升50%基础伤害持续15秒,-1,-1,-1,-1,-1,-1,-1,-1,-1,-1,-1,-1,-1,-1,-1,-1,-1,-1,120%基础攻击伤害$升龙斩：挑空技 聚集力量奋力向上挑击并跳起 将敌人击向空中,120%基础攻击伤害$暴怒连斩：挑空技 挥舞大剑向前挥出三道刀光 将所有敌人挑空,连携一：绝影4+绝影7$提升50%基础伤害持续10秒$连携二：绝影4+暗影1$提升50%基础伤害持续15秒,连携一：绝影4+绝影7$提升50%基础伤害持续10秒$连携二：绝影4+暗影1$提升50%基础伤害持续15秒,2,4,挑空升龙技,连续多段技
20030,圣技绝影4,5,s,9,52030,1009,10059,1009;1003,1009;1003,0,10060,-1,恢复血量10% ,1009;1028,1009;1028,0,10061,-1,恢复血量20% ,1009;1030;1012,1009;1030;1012,0,10062,-1,恢复血量30%,-1,-1,-1,-1,-1,-1,-1,-1,-1,-1,-1,-1,140%基础攻击伤害$升龙斩：挑空技 聚集力量奋力向上挑击并跳起 将敌人击向空中,140%基础攻击伤害$暴怒连斩：挑空技 挥舞大剑向前挥出三道刀光 将所有敌人挑空,连携一：圣技绝影4+绝影2$恢复血量10%$连携二：圣技绝影4+绝影5$恢复血量20%$连携三：圣技绝影4+绝影7+影袭3$恢复血量30%,连携一：圣技绝影4+绝影2$恢复血量10%$连携二：圣技绝影4+绝影5$恢复血量20%$连携三：圣技绝影4+绝影7+影袭3$恢复血量30%,2,4,挑空升龙技,连续多段技
20031,战技暗影1,1,d,10,52031,1010,10067,-1,-1,0,-1,-1,-1,-1,-1,-1,-1,-1,-1,-1,-1,-1,-1,-1,-1,-1,-1,-1,-1,-1,-1,-1,-1,-1,-1,-1,-1,60%基础攻击伤害$深渊之黯：挑空技 向前释放出暗黑能量将敌人击向空中,60%基础攻击伤害$重击：挑空技 向上跳起一小段距离随后全力向下劈斩将所有敌人击倒,没有连携效果,没有连携效果,2,4,挑空升龙技,连续多段技
20032,王技暗影1,3,b,13,52032,1010,10068,1010;1015,1010;1015,0,10071,-1,提升80%暴击属性持续10秒,-1,-1,-1,-1,-1,-1,-1,-1,-1,-1,-1,-1,-1,-1,-1,-1,-1,-1,-1,-1,-1,-1,-1,-1,100%基础攻击伤害$深渊之黯：挑空技 向前释放出暗黑能量将敌人击向空中,100%基础攻击伤害$重击：挑空技 向上跳起一小段距离随后全力向下劈斩将所有敌人击倒,连携一：王技暗影1+百裂斩4$提升80%暴击率持续10秒,连携一：王技暗影1+百裂斩4$提升80%暴击率持续10秒,2,4,挑空升龙技,连续多段技
20033,战技轰焰1,1,d,13,52033,1011,10070,-1,-1,0,-1,-1,-1,-1,-1,-1,-1,-1,-1,-1,-1,-1,-1,-1,-1,-1,-1,-1,-1,-1,-1,-1,-1,-1,-1,-1,-1,60%基础攻击伤害$强化深渊之黯：终结技 解除限制向前释放出三道暗黑能量将所有敌人击飞,60%基础攻击伤害$光刃：终结技 召唤出一把巨型光剑全力击向地面将所有敌人击倒,没有连携效果,没有连携效果,5,4,强力终结技,连续多段技
20034,魔技轰焰1,2,c,12,52034,1011,10071,-1,-1,0,-1,-1,-1,-1,-1,-1,-1,-1,-1,-1,-1,-1,-1,-1,-1,-1,-1,-1,-1,-1,-1,-1,-1,-1,-1,-1,-1,80%基础攻击伤害$强化深渊之黯：终结技 解除限制向前释放出三道暗黑能量将所有敌人击飞,80%基础攻击伤害$光刃：终结技 召唤出一把巨型光剑全力击向地面将所有敌人击倒,没有连携效果,没有连携效果,5,4,强力终结技,连续多段技
20035,王技轰焰1,3,b,9,52035,1011,10072,1011;1002,1011;1002,0,10075,-1,恢复10%血量,-1,-1,-1,-1,-1,-1,-1,-1,-1,-1,-1,-1,-1,-1,-1,-1,-1,-1,-1,-1,-1,-1,-1,-1,100%基础攻击伤害$强化深渊之黯：终结技 解除限制向前释放出三道暗黑能量将所有敌人击飞,100%基础攻击伤害$光刃：终结技 召唤出一把巨型光剑全力击向地面将所有敌人击倒,连携一：轰焰1+影袭2$恢复10%血量,连携一：轰焰1+影袭2$恢复10%血量,5,4,强力终结技,连续多段技
20036,神技轰焰1,4,a,10,52036,1011,10073,1011;1005,1011;1005,0,10076,-1,提升50%基础伤害持续10秒,1011;1013,1011;1013,0,10076,-1,-1,-1,-1,-1,-1,-1,-1,-1,-1,-1,-1,-1,-1,-1,-1,-1,-1,-1,-1,120%基础攻击伤害$强化深渊之黯：终结技 解除限制向前释放出三道暗黑能量将所有敌人击飞,120%基础攻击伤害$光刃：终结技 召唤出一把巨型光剑全力击向地面将所有敌人击倒,连携一：轰焰1+百裂斩1$提升50%基础伤害持续10秒,连携一：轰焰1+百裂斩1$提升50%基础伤害持续10秒,5,4,强力终结技,连续多段技
20037,圣技轰焰1,5,s,11,52037,1011,10074,1011;1025,1011;1025,0,10075,-1,提升80%防御力持续10秒,1011;1026,1011;1026,0,10076,-1,提升80%防御力持续15秒,1011;1015;1024,1011;1015;1024,0,10077,-1,提升80%防御力持续25秒,-1,-1,-1,-1,-1,-1,-1,-1,-1,-1,-1,-1,140%基础攻击伤害$强化深渊之黯：终结技 解除限制向前释放出三道暗黑能量将所有敌人击飞,140%基础攻击伤害$光刃：终结技 召唤出一把巨型光剑全力击向地面将所有敌人击倒,连携一：圣技轰焰1+轰焰2$提升80%防御力持续10秒$连携二：圣技轰焰1+轰焰3$提升80%防御力持续15秒$连携三：圣技轰焰1+百裂斩4+斩舞4$提升80%防御力持续25秒,连携一：圣技轰焰1+轰焰2$提升80%防御力持续10秒$连携二：圣技轰焰1+轰焰3$提升80%防御力持续15秒$连携三：圣技轰焰1+百裂斩4+斩舞4$提升80%防御力持续25秒,5,4,强力终结技,连续多段技
20038,战技影袭3,1,d,9,52038,1012,10080,-1,-1,0,-1,-1,-1,-1,-1,-1,-1,-1,-1,-1,-1,-1,-1,-1,-1,-1,-1,-1,-1,-1,-1,-1,-1,-1,-1,-1,-1,60%基础攻击伤害$血光炸弹：连续技 向前释放出浓缩能量球 将被攻击到的敌人击飞（空中被击中的敌人会被击向空中）,60%基础攻击伤害$十字斩：连续技 双手持剑向前挥舞出一道十字形剑气将敌人击飞,没有连携效果,没有连携效果,4,4,连续多段技,连续多段技
20039,圣技影袭3,5,s,13,52039,1012,10080,1012;1028,1012;1028,0,10081,-1,提升80%暴击属性持续10秒,1012;1029,1012;1029,0,10082,-1,提升80%暴击属性持续15秒,1011;1027;1030,1011;1027;1030,0,10084,-1,提升80%暴击属性持续25秒,-1,-1,-1,-1,-1,-1,-1,-1,-1,-1,-1,-1,140%基础攻击伤害$血光炸弹：连续技 向前释放出浓缩能量球 将被攻击到的敌人击飞（空中被击中的敌人会被击向空中）,140%基础攻击伤害$十字斩：连续技 双手持剑向前挥舞出一道十字形剑气将敌人击飞,连携一：圣技影袭3+绝影5$提升80%暴击率持续10秒$连携二：圣技影袭3+绝影6$提升80%暴击率持续15秒$连携三：圣技影袭3+绝影4+绝影7$提升80%暴击率持续25秒,连携一：圣技影袭3+绝影5$提升80%暴击率持续10秒$连携二：圣技影袭3+绝影6$提升80%暴击率持续15秒$连携三：圣技影袭3+绝影4+绝影7$提升80%暴击率持续25秒,4,4,连续多段技,连续多段技
20040,魔技影袭4,2,c,13,52040,1013,10085,-1,-1,0,-1,-1,-1,-1,-1,-1,-1,-1,-1,-1,-1,-1,-1,-1,-1,-1,-1,-1,-1,-1,-1,-1,-1,-1,-1,-1,-1,80%基础攻击伤害$深渊突进：突进技 全力向前冲刺后在原地释放能量并产生爆破将敌人击飞,80%基础攻击伤害$冲锋：突进技 快速向前冲刺一段距离将所有敌人击飞,没有连携效果,没有连携效果,3,4,高速突进技,连续多段技
20041,圣技影袭4,5,s,9,52041,1013,10086,1013;1020,1013;1020,0,10087,-1,恢复血量5%,1013;1014,1013;1014,0,10087,-1,恢复血量10%,1013;1015;1016,1013;1015;1016,0,10087,-1,恢复血量15%,-1,-1,-1,-1,-1,-1,-1,-1,-1,-1,-1,-1,140%基础攻击伤害$深渊突进：突进技 全力向前冲刺后在原地释放能量并产生爆破将敌人击飞,140%基础攻击伤害$冲锋：突进技 快速向前冲刺一段距离将所有敌人击飞,连携一：圣技影袭4+绝影5$提升80%暴击率持续10秒$连携二：圣技影袭4+绝影6$提升80%暴击率持续15秒$连携三：圣技影袭4+绝影4+绝影7$提升80%暴击率持续25秒,连携一：圣技影袭4+绝影5$提升80%暴击率持续10秒$连携二：圣技影袭4+绝影6$提升80%暴击率持续15秒$连携三：圣技影袭4+绝影4+绝影7$提升80%暴击率持续25秒,3,4,高速突进技,连续多段技
20042,战技影袭5,1,d,10,52042,1014,10090,-1,-1,0,-1,-1,-1,-1,-1,-1,-1,-1,-1,-1,-1,-1,-1,-1,-1,-1,-1,-1,-1,-1,-1,-1,-1,-1,-1,-1,-1,60%基础攻击伤害$哀嚎之刺：连续技 向前冲刺一段距离将敌人挑空 随后在原地释放暗黑能量球爆炸并立刻向后退出一段距离,60%基础攻击伤害$暴怒连冲：连续技 聚集力量发动快速冲刺攻击三次 将所有敌人挑空,没有连携效果,没有连携效果,4,4,连续多段技,连续多段技
20043,魔技影袭5,2,c,9,52043,1014,10091,-1,-1,0,-1,-1,-1,-1,-1,-1,-1,-1,-1,-1,-1,-1,-1,-1,-1,-1,-1,-1,-1,-1,-1,-1,-1,-1,-1,-1,-1,80%基础攻击伤害$哀嚎之刺：连续技 向前冲刺一段距离将敌人挑空 随后在原地释放暗黑能量球爆炸并立刻向后退出一段距离,80%基础攻击伤害$暴怒连冲：连续技 聚集力量发动快速冲刺攻击三次 将所有敌人挑空,没有连携效果,没有连携效果,4,4,连续多段技,连续多段技
20044,王技影袭5,3,b,12,52044,1014,10092,1014;1020,1014;1020,0,10096,-1,增加破防属性20%持续10秒,-1,-1,-1,-1,-1,-1,-1,-1,-1,-1,-1,-1,-1,-1,-1,-1,-1,-1,-1,-1,-1,-1,-1,-1,100%基础攻击伤害$哀嚎之刺：连续技 向前冲刺一段距离将敌人挑空 随后在原地释放暗黑能量球爆炸并立刻向后退出一段距离,100%基础攻击伤害$暴怒连冲：连续技 聚集力量发动快速冲刺攻击三次 将所有敌人挑空,连携一：影袭5+暗影5$增加破防属性20%持续10秒,连携一：影袭5+暗影5$增加破防属性20%持续10秒,4,4,连续多段技,连续多段技
20045,王技影袭5,3,b,12,52045,1014,10093,1014;1018,1014;1018,0,10097,-1,增加破防属性20%持续10秒,-1,-1,-1,-1,-1,-1,-1,-1,-1,-1,-1,-1,-1,-1,-1,-1,-1,-1,-1,-1,-1,-1,-1,-1,100%基础攻击伤害$哀嚎之刺：连续技 向前冲刺一段距离将敌人挑空 随后在原地释放暗黑能量球爆炸并立刻向后退出一段距离,100%基础攻击伤害$暴怒连冲：连续技 聚集力量发动快速冲刺攻击三次 将所有敌人挑空,连携一：影袭5+暗影3$增加破防属性20%持续10秒,连携一：影袭5+暗影3$增加破防属性20%持续10秒,4,4,连续多段技,连续多段技
20046,神技影袭5,4,a,10,52046,1014,10090,1014;1018,1014;1018,0,10092,-1,提升60%基础伤害持续10秒,1014;1028,1014;1028,0,10093,-1,提升60%基础伤害持续15秒,-1,-1,-1,-1,-1,-1,-1,-1,-1,-1,-1,-1,-1,-1,-1,-1,-1,-1,120%基础攻击伤害$哀嚎之刺：连续技 向前冲刺一段距离将敌人挑空 随后在原地释放暗黑能量球爆炸并立刻向后退出一段距离,120%基础攻击伤害$暴怒连冲：连续技 聚集力量发动快速冲刺攻击三次 将所有敌人挑空,连携一：神技影袭5+暗影3$提升60%基础伤害持续10秒$连携二：神技影袭5+绝影5$提升60%基础伤害持续15秒,连携一：神技影袭5+暗影3$提升60%基础伤害持续10秒$连携二：神技影袭5+绝影5$提升60%基础伤害持续15秒,4,4,连续多段技,连续多段技
20047,圣技影袭5,5,s,11,52047,1014,10091,1014;1019,1014;1019,0,10094,-1,提升80%防御力持续10秒,1014;1021,1014;1021,0,10095,-1,提升80%防御力持续15秒,1014;1026;1025,1014;1026;1025,0,10096,-1,提升80%防御力持续25秒,-1,-1,-1,-1,-1,-1,-1,-1,-1,-1,-1,-1,140%基础攻击伤害$哀嚎之刺：连续技 向前冲刺一段距离将敌人挑空 随后在原地释放暗黑能量球爆炸并立刻向后退出一段距离,140%基础攻击伤害$暴怒连冲：连续技 聚集力量发动快速冲刺攻击三次 将所有敌人挑空,连携一：圣技影袭5+暗影4$提升80%防御力持续10秒$连携二：圣技影袭5+斩舞1$提升80%防御力持续15秒$连携三：圣技影袭5+轰焰3+轰焰2$提升80%防御力持续25秒,连携一：圣技影袭5+暗影4$提升80%防御力持续10秒$连携二：圣技影袭5+斩舞1$提升80%防御力持续15秒$连携三：圣技影袭5+轰焰3+轰焰2$提升80%防御力持续25秒,4,4,连续多段技,连续多段技
20048,战技百裂斩4,1,d,13,52048,1015,10103,-1,-1,0,-1,-1,-1,-1,-1,-1,-1,-1,-1,-1,-1,-1,-1,-1,-1,-1,-1,-1,-1,-1,-1,-1,-1,-1,-1,-1,-1,60%基础攻击伤害$荣耀圣令：连续技 缓慢向前移动并快速挥舞武器将敌人击退,60%基础攻击伤害$天空一击：连续技 双手持武器向上跳起旋转攻击 将敌人挑向空中,没有连携效果,没有连携效果,4,4,连续多段技,连续多段技
20049,王技百裂斩4,3,b,11,52049,1015,10104,1015;1021,1015;1021,0,10107,-1,提升80%防御力持续10秒,-1,-1,-1,-1,-1,-1,-1,-1,-1,-1,-1,-1,-1,-1,-1,-1,-1,-1,-1,-1,-1,-1,-1,-1,100%基础攻击伤害$荣耀圣令：连续技 缓慢向前移动并快速挥舞武器将敌人击退,100%基础攻击伤害$天空一击：连续技 双手持武器向上跳起旋转攻击 将敌人挑向空中,连携一：王技百裂斩4+斩舞1$提升80%防御力持续10秒,连携一：王技百裂斩4+斩舞1$提升80%防御力持续10秒,4,4,连续多段技,连续多段技
20050,战技百裂斩5,1,d,9,52050,1016,10106,-1,-1,0,-1,-1,-1,-1,-1,-1,-1,-1,-1,-1,-1,-1,-1,-1,-1,-1,-1,-1,-1,-1,-1,-1,-1,-1,-1,-1,-1,60%基础攻击伤害$强化荣耀圣令：终结技 缓慢向前移动并快速挥舞武器将敌人击退 最后一击将敌人击倒,60%基础攻击伤害$强化天空一击：终结技 双手持武器向上跳起发动多次旋转攻击 将敌人挑向更高的空中,没有连携效果,没有连携效果,5,4,强力终结技,连续多段技
20051,魔技百裂斩5,2,c,13,52051,1016,10107,-1,-1,0,-1,-1,-1,-1,-1,-1,-1,-1,-1,-1,-1,-1,-1,-1,-1,-1,-1,-1,-1,-1,-1,-1,-1,-1,-1,-1,-1,80%基础攻击伤害$强化荣耀圣令：终结技 缓慢向前移动并快速挥舞武器将敌人击退 最后一击将敌人击倒,80%基础攻击伤害$强化天空一击：终结技 双手持武器向上跳起发动多次旋转攻击 将敌人挑向更高的空中,没有连携效果,没有连携效果,5,4,强力终结技,连续多段技
20052,魔技百裂斩5,2,c,11,52052,1016,10108,-1,-1,0,-1,-1,-1,-1,-1,-1,-1,-1,-1,-1,-1,-1,-1,-1,-1,-1,-1,-1,-1,-1,-1,-1,-1,-1,-1,-1,-1,80%基础攻击伤害$强化荣耀圣令：终结技 缓慢向前移动并快速挥舞武器将敌人击退 最后一击将敌人击倒,80%基础攻击伤害$强化天空一击：终结技 双手持武器向上跳起发动多次旋转攻击 将敌人挑向更高的空中,没有连携效果,没有连携效果,5,4,强力终结技,连续多段技
20053,王技百裂斩5,3,b,12,52053,1016,10109,1016;1019,1016;1019,0,10113,-1,增加破防属性20%持续10秒,-1,-1,-1,-1,-1,-1,-1,-1,-1,-1,-1,-1,-1,-1,-1,-1,-1,-1,-1,-1,-1,-1,-1,-1,100%基础攻击伤害$强化荣耀圣令：终结技 缓慢向前移动并快速挥舞武器将敌人击退 最后一击将敌人击倒,100%基础攻击伤害$强化天空一击：终结技 双手持武器向上跳起发动多次旋转攻击 将敌人挑向更高的空中,连携一：百裂斩5+暗影4$增加破防属性20%持续10秒,连携一：百裂斩5+暗影4$增加破防属性20%持续10秒,5,4,强力终结技,连续多段技
20054,王技百裂斩5,3,b,9,52054,1016,10110,1016;1020,1016;1020,0,10114,-1,恢复10%血量,-1,-1,-1,-1,-1,-1,-1,-1,-1,-1,-1,-1,-1,-1,-1,-1,-1,-1,-1,-1,-1,-1,-1,-1,100%基础攻击伤害$强化荣耀圣令：终结技 缓慢向前移动并快速挥舞武器将敌人击退 最后一击将敌人击倒,100%基础攻击伤害$强化天空一击：终结技 双手持武器向上跳起发动多次旋转攻击 将敌人挑向更高的空中,连携一：百裂斩5+暗影5$恢复10%血量,连携一：百裂斩5+暗影5$恢复10%血量,5,4,强力终结技,连续多段技
20055,神技百裂斩5,4,a,12,52055,1016,10110,1016;1017,1016;1017,0,10112,-1,提升60%破击属性持续10秒,1016;1018,1016;1018,0,10113,-1,提升60%破击属性持续15秒,-1,-1,-1,-1,-1,-1,-1,-1,-1,-1,-1,-1,-1,-1,-1,-1,-1,-1,120%基础攻击伤害$强化荣耀圣令：终结技 缓慢向前移动并快速挥舞武器将敌人击退 最后一击将敌人击倒,120%基础攻击伤害$强化天空一击：终结技 双手持武器向上跳起发动多次旋转攻击 将敌人挑向更高的空中,连携一：神技百裂斩5+暗影2$提升60%破击属性持续10秒$连携二：神技百裂斩5+暗影3$提升60%破击属性持续15秒,连携一：神技百裂斩5+暗影2$提升60%破击属性持续10秒$连携二：神技百裂斩5+暗影3$提升60%破击属性持续15秒,5,4,强力终结技,连续多段技
20056,圣技百裂斩5,5,s,13,52056,1016,10111,1016;1015,1016;1015,0,10114,-1,提升80%暴击属性持续10秒,1016;1011,1016;1011,0,10115,-1,提升80%暴击属性持续15秒,1016;1012;1019,1016;1012;1019,0,10116,-1,提升80%暴击属性持续25秒,-1,-1,-1,-1,-1,-1,-1,-1,-1,-1,-1,-1,140%基础攻击伤害$强化荣耀圣令：终结技 缓慢向前移动并快速挥舞武器将敌人击退 最后一击将敌人击倒,140%基础攻击伤害$强化天空一击：终结技 双手持武器向上跳起发动多次旋转攻击 将敌人挑向更高的空中,连携一：圣技百裂斩5+百裂斩4$提升80%暴击率持续10秒$连携二：圣技百裂斩5+轰焰1$提升80%暴击率持续15秒$连携三：圣技百裂斩5+影袭3+暗影4$提升80%暴击率持续25秒,连携一：圣技百裂斩5+百裂斩4$提升80%暴击率持续10秒$连携二：圣技百裂斩5+轰焰1$提升80%暴击率持续15秒$连携三：圣技百裂斩5+影袭3+暗影4$提升80%暴击率持续25秒,5,4,强力终结技,连续多段技
20057,战技暗影2,1,d,11,52057,1017,10120,-1,-1,0,-1,-1,-1,-1,-1,-1,-1,-1,-1,-1,-1,-1,-1,-1,-1,-1,-1,-1,-1,-1,-1,-1,-1,-1,-1,-1,-1,60%基础攻击伤害$鬼手拉：连续技 召唤恶鬼之手将敌人拉向自己,60%基础攻击伤害$爆裂斩：连续技 将大剑中灌注满能量向前跳跃砍击将敌人击飞,没有连携效果,没有连携效果,4,4,连续多段技,连续多段技
20058,王技暗影2,3,b,13,52058,1017,10121,1017;1019,1017;1019,0,10124,-1,提升50%暴击属性持续10秒,-1,-1,-1,-1,-1,-1,-1,-1,-1,-1,-1,-1,-1,-1,-1,-1,-1,-1,-1,-1,-1,-1,-1,-1,100%基础攻击伤害$鬼手拉：连续技 召唤恶鬼之手将敌人拉向自己,100%基础攻击伤害$爆裂斩：连续技 将大剑中灌注满能量向前跳跃砍击将敌人击飞,连携一：暗影2+暗影4$提升50%暴击率持续10秒,连携一：暗影2+暗影4$提升50%暴击率持续10秒,4,4,连续多段技,连续多段技
20059,神技暗影2,4,a,9,52059,1017,10120,1017;1016,1017;1016,0,10122,-1,恢复血量8% ,1017;1018,1017;1018,0,10123,-1,恢复血量15%,-1,-1,-1,-1,-1,-1,-1,-1,-1,-1,-1,-1,-1,-1,-1,-1,-1,-1,120%基础攻击伤害$鬼手拉：连续技 召唤恶鬼之手将敌人拉向自己,120%基础攻击伤害$爆裂斩：连续技 将大剑中灌注满能量向前跳跃砍击将敌人击飞,连携一：神技暗影2+百裂斩5$恢复血量8% $神技暗影2+暗影3$恢复血量15%,连携一：神技暗影2+百裂斩5$恢复血量8% $神技暗影2+暗影3$恢复血量15%,4,4,连续多段技,连续多段技
20060,圣技暗影2,5,s,11,52060,1017,10121,1017;1019,1017;1019,0,10124,-1,提升80%防御力持续10秒,1017;1021,1017;1021,0,10125,-1,提升80%防御力持续15秒,1017;1027;1026,1017;1027;1026,0,10126,-1,提升80%防御力持续25秒,-1,-1,-1,-1,-1,-1,-1,-1,-1,-1,-1,-1,140%基础攻击伤害$鬼手拉：连续技 召唤恶鬼之手将敌人拉向自己,140%基础攻击伤害$爆裂斩：连续技 将大剑中灌注满能量向前跳跃砍击将敌人击飞,连携一：圣技暗影2+暗影4$提升80%防御力持续10秒$连携二：圣技暗影2+斩舞1$提升80%防御力持续15秒$连携三：圣技暗影2+轰焰4+轰焰3$提升80%防御力持续25秒,连携一：圣技暗影2+暗影4$提升80%防御力持续10秒$连携二：圣技暗影2+斩舞1$提升80%防御力持续15秒$连携三：圣技暗影2+轰焰4+轰焰3$提升80%防御力持续25秒,4,4,连续多段技,连续多段技
20061,战技暗影3,1,d,10,52061,1018,10130,-1,-1,0,-1,-1,-1,-1,-1,-1,-1,-1,-1,-1,-1,-1,-1,-1,-1,-1,-1,-1,-1,-1,-1,-1,-1,-1,-1,-1,-1,60%基础攻击伤害$鬼手推：连续技 召唤恶鬼之手将敌人向前推出一段距离并产生爆破将敌人挑空,60%基础攻击伤害$怒焰刺：连续技 旋转手中的大剑随后向前刺击将敌人击飞,没有连携效果,没有连携效果,4,4,连续多段技,连续多段技
20062,王技暗影3,3,b,12,52062,1018,10131,1018;1025,1018;1025,0,10134,-1,增加破防属性20%持续10秒,-1,-1,-1,-1,-1,-1,-1,-1,-1,-1,-1,-1,-1,-1,-1,-1,-1,-1,-1,-1,-1,-1,-1,-1,100%基础攻击伤害$鬼手推：连续技 召唤恶鬼之手将敌人向前推出一段距离并产生爆破将敌人挑空,100%基础攻击伤害$怒焰刺：连续技 旋转手中的大剑随后向前刺击将敌人击飞,连携一：暗影3+轰焰2$增加破防属性20%持续10秒,连携一：暗影3+轰焰2$增加破防属性20%持续10秒,4,4,连续多段技,连续多段技
20063,神技暗影3,4,a,10,52063,1018,10130,1018;1005,1018;1005,0,10132,-1,提升60%基础伤害持续10秒,1018;1017,1018;1017,0,10133,-1,提升60%基础伤害持续15秒,-1,-1,-1,-1,-1,-1,-1,-1,-1,-1,-1,-1,-1,-1,-1,-1,-1,-1,120%基础攻击伤害$鬼手推：连续技 召唤恶鬼之手将敌人向前推出一段距离并产生爆破将敌人挑空,120%基础攻击伤害$怒焰刺：连续技 旋转手中的大剑随后向前刺击将敌人击飞,连携一：神技暗影3+百裂斩1$提升60%基础伤害持续10秒$连携二：神技暗影3+暗影2$提升60%基础伤害持续15秒,连携一：神技暗影3+百裂斩1$提升60%基础伤害持续10秒$连携二：神技暗影3+暗影2$提升60%基础伤害持续15秒,4,4,连续多段技,连续多段技
20064,圣技暗影3,5,s,13,52064,1018,10131,1018;1024,1018;1024,0,10134,-1,提升80%暴击属性持续10秒,1018;1023,1018;1023,0,10135,-1,提升80%暴击属性持续15秒,1018;1026;1011,1018;1026;1011,0,10136,-1,提升80%暴击属性持续25秒,-1,-1,-1,-1,-1,-1,-1,-1,-1,-1,-1,-1,140%基础攻击伤害$鬼手推：连续技 召唤恶鬼之手将敌人向前推出一段距离并产生爆破将敌人挑空,140%基础攻击伤害$怒焰刺：连续技 旋转手中的大剑随后向前刺击将敌人击飞,连携一：圣技暗影3+斩舞4$提升80%暴击率持续10秒$连携二：圣技暗影3+斩舞3$提升80%暴击率持续15秒$连携三：圣技暗影3+轰焰3+轰焰1$提升80%暴击率持续25秒,连携一：圣技暗影3+斩舞4$提升80%暴击率持续10秒$连携二：圣技暗影3+斩舞3$提升80%暴击率持续15秒$连携三：圣技暗影3+轰焰3+轰焰1$提升80%暴击率持续25秒,4,4,连续多段技,连续多段技
20065,战技暗影4,1,d,13,52065,1019,10140,-1,-1,0,-1,-1,-1,-1,-1,-1,-1,-1,-1,-1,-1,-1,-1,-1,-1,-1,-1,-1,-1,-1,-1,-1,-1,-1,-1,-1,-1,60%基础攻击伤害$鬼手砸：终结技 召唤恶鬼之手向地面释放强力冲击并产生爆炸 将敌人击倒,60%基础攻击伤害$烈焰斩：终结技 全力挥舞武器并释放出三个能量球将所有敌人击飞,没有连携效果,没有连携效果,5,4,强力终结技,连续多段技
20066,王技暗影4,3,b,9,52066,1019,10141,1019;1015,1019;1015,0,10144,-1,恢复10%血量,-1,-1,-1,-1,-1,-1,-1,-1,-1,-1,-1,-1,-1,-1,-1,-1,-1,-1,-1,-1,-1,-1,-1,-1,100%基础攻击伤害$鬼手砸：终结技 召唤恶鬼之手向地面释放强力冲击并产生爆炸 将敌人击倒,100%基础攻击伤害$烈焰斩：终结技 全力挥舞武器并释放出三个能量球将所有敌人击飞,连携一：暗影4+百裂斩4$恢复10%血量,连携一：暗影4+百裂斩4$恢复10%血量,5,4,强力终结技,连续多段技
20067,神技暗影4,4,a,12,52067,1019,10142,1019;1023,1019;1023,0,10145,-1,增加破防属性20%持续10秒,1019;1020,1019;1020,0,10146,-1,增加破防属性30%持续15秒,-1,-1,-1,-1,-1,-1,-1,-1,-1,-1,-1,-1,-1,-1,-1,-1,-1,-1,120%基础攻击伤害$鬼手砸：终结技 召唤恶鬼之手向地面释放强力冲击并产生爆炸 将敌人击倒,120%基础攻击伤害$烈焰斩：终结技 全力挥舞武器并释放出三个能量球将所有敌人击飞,连携一：暗影4+斩舞3$增加破防属性20%持续10秒$连携二：暗影4+暗影5$低对方防御30%持续15秒,连携一：暗影4+斩舞3$增加破防属性20%持续10秒$连携二：暗影4+暗影5$低对方防御30%持续15秒,5,4,强力终结技,连续多段技
20068,圣技暗影4,5,s,13,52068,1019,10140,1019;1015,1019;1015,0,10141,-1,提升80%暴击属性持续10秒,1019;1016,1019;1016,0,10142,-1,提升80%暴击属性持续15秒,1019;1021;1030,1019;1021;1030,0,10143,-1,提升80%暴击属性持续25秒,-1,-1,-1,-1,-1,-1,-1,-1,-1,-1,-1,-1,140%基础攻击伤害$鬼手砸：终结技 召唤恶鬼之手向地面释放强力冲击并产生爆炸 将敌人击倒,140%基础攻击伤害$烈焰斩：终结技 全力挥舞武器并释放出三个能量球将所有敌人击飞,连携一：圣技暗影4+百裂斩4$提升80%暴击率持续10秒$连携二:圣技暗影4+百裂斩5$提升80%暴击率持续15秒$连携三：圣技暗影4+斩舞1+绝影7$提升80%暴击率持续25秒,连携一：圣技暗影4+百裂斩4$提升80%暴击率持续10秒$连携二:圣技暗影4+百裂斩5$提升80%暴击率持续15秒$连携三：圣技暗影4+斩舞1+绝影7$提升80%暴击率持续25秒,5,4,强力终结技,连续多段技
20069,战技暗影5,1,d,10,52069,1020,10150,-1,-1,0,-1,-1,-1,-1,-1,-1,-1,-1,-1,-1,-1,-1,-1,-1,-1,-1,-1,-1,-1,-1,-1,-1,-1,-1,-1,-1,-1,60%基础攻击伤害$鬼手抓：连续技 向前一小段距离召唤恶鬼之手对敌人释放持续攻击,60%基础攻击伤害$连环爆裂：连续技 将大剑中灌注满能量后向地面重击 随后地面向上喷出三道能量柱将敌人击向空中,没有连携效果,没有连携效果,4,4,连续多段技,连续多段技
20070,魔技暗影5,2,c,9,52070,1020,10151,-1,-1,0,-1,-1,-1,-1,-1,-1,-1,-1,-1,-1,-1,-1,-1,-1,-1,-1,-1,-1,-1,-1,-1,-1,-1,-1,-1,-1,-1,80%基础攻击伤害$鬼手抓：连续技 向前一小段距离召唤恶鬼之手对敌人释放持续攻击,80%基础攻击伤害$连环爆裂：连续技 将大剑中灌注满能量后向地面重击 随后地面向上喷出三道能量柱将敌人击向空中,没有连携效果,没有连携效果,4,4,连续多段技,连续多段技
20071,魔技暗影5,2,c,12,52071,1020,10152,-1,-1,0,-1,-1,-1,-1,-1,-1,-1,-1,-1,-1,-1,-1,-1,-1,-1,-1,-1,-1,-1,-1,-1,-1,-1,-1,-1,-1,-1,80%基础攻击伤害$鬼手抓：连续技 向前一小段距离召唤恶鬼之手对敌人释放持续攻击,80%基础攻击伤害$连环爆裂：连续技 将大剑中灌注满能量后向地面重击 随后地面向上喷出三道能量柱将敌人击向空中,没有连携效果,没有连携效果,4,4,连续多段技,连续多段技
20072,王技暗影5,3,b,11,52072,1020,10152,1020;1022,1020;1022,0,10153,-1,提升50%防御力持续10秒,-1,-1,-1,-1,-1,-1,-1,-1,-1,-1,-1,-1,-1,-1,-1,-1,-1,-1,-1,-1,-1,-1,-1,-1,100%基础攻击伤害$鬼手抓：连续技 向前一小段距离召唤恶鬼之手对敌人释放持续攻击,100%基础攻击伤害$连环爆裂：连续技 将大剑中灌注满能量后向地面重击 随后地面向上喷出三道能量柱将敌人击向空中,连携一：王技暗影5+斩舞2$提升50%防御力持续10秒,连携一：王技暗影5+斩舞2$提升50%防御力持续10秒,4,4,连续多段技,连续多段技
20073,王技暗影5,3,b,13,52073,1020,10154,1020;1022,1020;1022,0,10158,-1,提升50%暴击属性持续10秒,-1,-1,-1,-1,-1,-1,-1,-1,-1,-1,-1,-1,-1,-1,-1,-1,-1,-1,-1,-1,-1,-1,-1,-1,100%基础攻击伤害$鬼手抓：连续技 向前一小段距离召唤恶鬼之手对敌人释放持续攻击,100%基础攻击伤害$连环爆裂：连续技 将大剑中灌注满能量后向地面重击 随后地面向上喷出三道能量柱将敌人击向空中,连携一：暗影5+斩舞2$提升50%暴击率持续10秒,连携一：暗影5+斩舞2$提升50%暴击率持续10秒,4,5,连续多段技,强力终结技
20074,神技暗影5,4,a,12,52074,1020,10155,1020;1026,1020;1026,0,10159,-1,增加破防属性20%持续10秒,1020;1024,1020;1024,0,10160,-1,增加破防属性30%持续15秒,-1,-1,-1,-1,-1,-1,-1,-1,-1,-1,-1,-1,-1,-1,-1,-1,-1,-1,120%基础攻击伤害$鬼手抓：连续技 向前一小段距离召唤恶鬼之手对敌人释放持续攻击,120%基础攻击伤害$连环爆裂：连续技 将大剑中灌注满能量后向地面重击 随后地面向上喷出三道能量柱将敌人击向空中,连携一：暗影5+轰焰3$增加破防属性20%持续10秒$连携二：暗影5+斩舞4$增加破防属性30%持续15秒,连携一：暗影5+轰焰3$增加破防属性20%持续10秒$连携二：暗影5+斩舞4$增加破防属性30%持续15秒,4,5,连续多段技,强力终结技
20075,圣技暗影5,5,s,11,52075,1020,10156,1020;1009,1020;1009,0,10161,-1,提升50%防御力持续10秒,1020;1017,1020;1017,0,10162,-1,提升50%防御力持续15秒,1020;1028;1025,1020;1028;1025,0,10163,-1,提升80%防御力持续20秒,-1,-1,-1,-1,-1,-1,-1,-1,-1,-1,-1,-1,140%基础攻击伤害$鬼手抓：连续技 向前一小段距离召唤恶鬼之手对敌人释放持续攻击,140%基础攻击伤害$连环爆裂：连续技 将大剑中灌注满能量后向地面重击 随后地面向上喷出三道能量柱将敌人击向空中,连携一：暗影5+绝影4$提升50%防御力持续10秒$连携二：暗影5+暗影2$提升50%防御力持续15秒$连携三：暗影5+绝影5+轰焰2$提升80%防御力持续20秒,连携一：暗影5+绝影4$提升50%防御力持续10秒$连携二：暗影5+暗影2$提升50%防御力持续15秒$连携三：暗影5+绝影5+轰焰2$提升80%防御力持续20秒,4,5,连续多段技,强力终结技
20076,战技斩舞1,1,d,9,52076,1021,10164,-1,-1,0,-1,-1,-1,-1,-1,-1,-1,-1,-1,-1,-1,-1,-1,-1,-1,-1,-1,-1,-1,-1,-1,-1,-1,-1,-1,-1,-1,60%基础攻击伤害$鬼刺水平：挑空技 挥舞武器召唤出三道地刺将敌人击向空中,60%基础攻击伤害$激光炮平：挑空技 解放大剑中的巨炮向前轰击将所有敌人击飞,没有连携效果,没有连携效果,2,5,挑空升龙技,强力终结技
20077,魔技斩舞1,2,c,11,52077,1021,10165,-1,-1,0,-1,-1,-1,-1,-1,-1,-1,-1,-1,-1,-1,-1,-1,-1,-1,-1,-1,-1,-1,-1,-1,-1,-1,-1,-1,-1,-1,80%基础攻击伤害$鬼刺水平：挑空技 挥舞武器召唤出三道地刺将敌人击向空中,80%基础攻击伤害$激光炮平：挑空技 解放大剑中的巨炮向前轰击将所有敌人击飞,没有连携效果,没有连携效果,2,5,挑空升龙技,强力终结技
20078,王技斩舞1,3,b,9,52078,1021,10166,1021;1030,1021;1030,0,10169,-1,恢复10%血量,-1,-1,-1,-1,-1,-1,-1,-1,-1,-1,-1,-1,-1,-1,-1,-1,-1,-1,-1,-1,-1,-1,-1,-1,100%基础攻击伤害$鬼刺水平：挑空技 挥舞武器召唤出三道地刺将敌人击向空中,100%基础攻击伤害$激光炮平：挑空技 解放大剑中的巨炮向前轰击将所有敌人击飞,连携一：斩舞1+绝影7$恢复10%血量,连携一：斩舞1+绝影7$恢复10%血量,2,5,挑空升龙技,强力终结技
20079,神技斩舞1,4,a,10,52079,1021,10167,1021;1027,1021;1027,0,10170,-1,提升50%基础伤害持续10秒,1021;1019,1021;1019,0,10171,-1,提升50%基础伤害持续15秒,-1,-1,-1,-1,-1,-1,-1,-1,-1,-1,-1,-1,-1,-1,-1,-1,-1,-1,120%基础攻击伤害$鬼刺水平：挑空技 挥舞武器召唤出三道地刺将敌人击向空中,120%基础攻击伤害$激光炮平：挑空技 解放大剑中的巨炮向前轰击将所有敌人击飞,连携一：斩舞1+轰焰4$提升50%基础伤害持续10秒$连携二：斩舞1+暗影4$提升50%基础伤害持续15秒,连携一：斩舞1+轰焰4$提升50%基础伤害持续10秒$连携二：斩舞1+暗影4$提升50%基础伤害持续15秒,2,5,挑空升龙技,强力终结技
20080,圣技斩舞1,5,s,9,52080,1021,10164,1021;1004,1021;1004,0,10165,-1,恢复血量10%,1021;1010,1021;1010,0,10166,-1,恢复血量20%,1021;1018;1007,1021;1018;1007,0,10167,-1,恢复血量30%,-1,-1,-1,-1,-1,-1,-1,-1,-1,-1,-1,-1,140%基础攻击伤害$鬼刺水平：挑空技 挥舞武器召唤出三道地刺将敌人击向空中,140%基础攻击伤害$激光炮平：挑空技 解放大剑中的巨炮向前轰击将所有敌人击飞,连携一：圣技斩舞1+绝影2$恢复血量10%$连携二：圣技斩舞1+暗影1$恢复血量20%$连携三：圣技斩舞1+暗影3+百裂斩3+影袭2$恢复血量30%,连携一：圣技斩舞1+绝影2$恢复血量10%$连携二：圣技斩舞1+暗影1$恢复血量20%$连携三：圣技斩舞1+暗影3+百裂斩3+影袭2$恢复血量30%,2,5,挑空升龙技,强力终结技
20081,战技斩舞2,1,d,9,52081,1022,10175,-1,-1,0,-1,-1,-1,-1,-1,-1,-1,-1,-1,-1,-1,-1,-1,-1,-1,-1,-1,-1,-1,-1,-1,-1,-1,-1,-1,-1,-1,60%基础攻击伤害$鬼刺斜上：连续技 挥舞武器召唤出三道地刺将敌人向前击飞,60%基础攻击伤害$激光炮斜：连续技 解放大剑中的巨炮向斜上轰击将所有敌人击飞,没有连携效果,没有连携效果,4,5,连续多段技,强力终结技
20082,魔技斩舞2,2,c,13,52082,1022,10176,-1,-1,0,-1,-1,-1,-1,-1,-1,-1,-1,-1,-1,-1,-1,-1,-1,-1,-1,-1,-1,-1,-1,-1,-1,-1,-1,-1,-1,-1,80%基础攻击伤害$鬼刺斜上：连续技 挥舞武器召唤出三道地刺将敌人向前击飞,80%基础攻击伤害$激光炮斜：连续技 解放大剑中的巨炮向斜上轰击将所有敌人击飞,没有连携效果,没有连携效果,4,5,连续多段技,强力终结技
20083,王技斩舞2,3,b,12,52083,1022,10177,1022;1013,1022;1013,0,10178,-1,提升50%破击属性持续10秒,-1,-1,-1,-1,-1,-1,-1,-1,-1,-1,-1,-1,-1,-1,-1,-1,-1,-1,-1,-1,-1,-1,-1,-1,100%基础攻击伤害$鬼刺斜上：连续技 挥舞武器召唤出三道地刺将敌人向前击飞,100%基础攻击伤害$激光炮斜：连续技 解放大剑中的巨炮向斜上轰击将所有敌人击飞,连携一：王技斩舞2+影袭4$提升50%破击属性持续10秒,连携一：王技斩舞2+影袭4$提升50%破击属性持续10秒,4,5,连续多段技,强力终结技
20084,王技斩舞2,3,b,12,52084,1022,10178,1022;1024,1022;1024,0,10182,-1,增加破防属性20%持续10秒,-1,-1,-1,-1,-1,-1,-1,-1,-1,-1,-1,-1,-1,-1,-1,-1,-1,-1,-1,-1,-1,-1,-1,-1,100%基础攻击伤害$鬼刺斜上：连续技 挥舞武器召唤出三道地刺将敌人向前击飞,100%基础攻击伤害$激光炮斜：连续技 解放大剑中的巨炮向斜上轰击将所有敌人击飞,连携一：斩舞2+斩舞4$增加破防属性20%持续10秒,连携一：斩舞2+斩舞4$增加破防属性20%持续10秒,4,5,连续多段技,强力终结技
20085,神技斩舞2,4,a,10,52085,1022,10179,1022;1025,1022;1025,0,10183,-1,提升50%基础伤害持续10秒,1022;1026,1022;1026,0,10184,-1,提升50%基础伤害持续15秒,-1,-1,-1,-1,-1,-1,-1,-1,-1,-1,-1,-1,-1,-1,-1,-1,-1,-1,120%基础攻击伤害$鬼刺斜上：连续技 挥舞武器召唤出三道地刺将敌人向前击飞,120%基础攻击伤害$激光炮斜：连续技 解放大剑中的巨炮向斜上轰击将所有敌人击飞,连携一：斩舞2+轰焰2$提升50%基础伤害持续10秒$连携二：斩舞2+轰焰3$提升50%基础伤害持续15秒,连携一：斩舞2+轰焰2$提升50%基础伤害持续10秒$连携二：斩舞2+轰焰3$提升50%基础伤害持续15秒,4,5,连续多段技,强力终结技
20086,圣技斩舞2,5,s,11,52086,1022,10180,1022;1001,1022;1001,0,10185,-1,提升50%防御力持续10秒,1022;1013,1022;1013,0,10186,-1,提升50%防御力持续15秒,1022;1017;1019,1022;1017;1019,0,10187,-1,提升80%防御力持续20秒,-1,-1,-1,-1,-1,-1,-1,-1,-1,-1,-1,-1,140%基础攻击伤害$鬼刺斜上：连续技 挥舞武器召唤出三道地刺将敌人向前击飞,140%基础攻击伤害$激光炮斜：连续技 解放大剑中的巨炮向斜上轰击将所有敌人击飞,连携一：斩舞2+影袭1$提升50%防御力持续10秒$连携二：斩舞2+影袭4$提升50%防御力持续15秒$连携三：斩舞2+暗影2+暗影4$提升80%防御力持续20秒,连携一：斩舞2+影袭1$提升50%防御力持续10秒$连携二：斩舞2+影袭4$提升50%防御力持续15秒$连携三：斩舞2+暗影2+暗影4$提升80%防御力持续20秒,4,5,连续多段技,强力终结技
20087,战技斩舞3,1,d,13,52087,1023,10188,-1,-1,0,-1,-1,-1,-1,-1,-1,-1,-1,-1,-1,-1,-1,-1,-1,-1,-1,-1,-1,-1,-1,-1,-1,-1,-1,-1,-1,-1,60%基础攻击伤害$鬼影鞭多段：连续技 使用暗黑能量幻化出鬼影鞭向前持续挥舞将敌人挑空,60%基础攻击伤害$聚能炮：连续技 释放大剑中的巨炮向前冲刺一段距离并爆炸将敌人挑空,没有连携效果,没有连携效果,4,5,连续多段技,强力终结技
20088,魔技斩舞3,2,c,9,52088,1023,10189,-1,-1,0,-1,-1,-1,-1,-1,-1,-1,-1,-1,-1,-1,-1,-1,-1,-1,-1,-1,-1,-1,-1,-1,-1,-1,-1,-1,-1,-1,80%基础攻击伤害$鬼影鞭多段：连续技 使用暗黑能量幻化出鬼影鞭向前持续挥舞将敌人挑空,80%基础攻击伤害$聚能炮：连续技 释放大剑中的巨炮向前冲刺一段距离并爆炸将敌人挑空,没有连携效果,没有连携效果,4,5,连续多段技,强力终结技
20089,魔技斩舞3,2,c,12,52089,1023,10190,-1,-1,0,-1,-1,-1,-1,-1,-1,-1,-1,-1,-1,-1,-1,-1,-1,-1,-1,-1,-1,-1,-1,-1,-1,-1,-1,-1,-1,-1,80%基础攻击伤害$鬼影鞭多段：连续技 使用暗黑能量幻化出鬼影鞭向前持续挥舞将敌人挑空,80%基础攻击伤害$聚能炮：连续技 释放大剑中的巨炮向前冲刺一段距离并爆炸将敌人挑空,没有连携效果,没有连携效果,4,5,连续多段技,强力终结技
20090,王技斩舞3,3,b,13,52090,1023,10191,1023;1030,1023;1030,0,10194,-1,提升50%暴击属性持续10秒,-1,-1,-1,-1,-1,-1,-1,-1,-1,-1,-1,-1,-1,-1,-1,-1,-1,-1,-1,-1,-1,-1,-1,-1,100%基础攻击伤害$鬼影鞭多段：连续技 使用暗黑能量幻化出鬼影鞭向前持续挥舞将敌人挑空,100%基础攻击伤害$聚能炮：连续技 释放大剑中的巨炮向前冲刺一段距离并爆炸将敌人挑空,连携一：斩舞3+绝影7$提升50%暴击率持续10秒,连携一：斩舞3+绝影7$提升50%暴击率持续10秒,4,5,连续多段技,强力终结技
20091,神技斩舞3,4,a,9,52091,1023,10192,1023;1005,1023;1005,0,10195,-1,恢复10%血量,1023;1014,1023;1014,0,10196,-1,恢复20%血量,-1,-1,-1,-1,-1,-1,-1,-1,-1,-1,-1,-1,-1,-1,-1,-1,-1,-1,120%基础攻击伤害$鬼影鞭多段：连续技 使用暗黑能量幻化出鬼影鞭向前持续挥舞将敌人挑空,120%基础攻击伤害$聚能炮：连续技 释放大剑中的巨炮向前冲刺一段距离并爆炸将敌人挑空,连携一：斩舞3+百裂斩1$恢复10%血量$连携二：斩舞3+影袭5$恢复20%血量,连携一：斩舞3+百裂斩1$恢复10%血量$连携二：斩舞3+影袭5$恢复20%血量,4,5,连续多段技,强力终结技
20092,圣技斩舞3,5,s,11,52092,1023,10188,1023;1028,1023;1028,0,10189,-1,提升80%防御力持续10秒,1023;1029,1023;1029,0,10190,-1,提升80%防御力持续15秒,1023;1030;1012,1023;1030;1012,0,10191,-1,提升80%防御力持续25秒,-1,-1,-1,-1,-1,-1,-1,-1,-1,-1,-1,-1,140%基础攻击伤害$鬼影鞭多段：连续技 使用暗黑能量幻化出鬼影鞭向前持续挥舞将敌人挑空,140%基础攻击伤害$聚能炮：连续技 释放大剑中的巨炮向前冲刺一段距离并爆炸将敌人挑空,连携一：圣技斩舞3+绝影5$提升80%防御力持续10秒$连携二：圣技斩舞3+绝影6$提升80%防御力持续15秒$连携三：圣技斩舞3+绝影7+影袭3$提升80%防御力持续25秒,连携一：圣技斩舞3+绝影5$提升80%防御力持续10秒$连携二：圣技斩舞3+绝影6$提升80%防御力持续15秒$连携三：圣技斩舞3+绝影7+影袭3$提升80%防御力持续25秒,4,5,连续多段技,强力终结技
20093,战技斩舞4,1,d,13,52093,1024,10200,-1,-1,0,-1,-1,-1,-1,-1,-1,-1,-1,-1,-1,-1,-1,-1,-1,-1,-1,-1,-1,-1,-1,-1,-1,-1,-1,-1,-1,-1,60%基础攻击伤害$鬼影鞭单段：挑空技 使用暗黑能量幻化出鬼影鞭向前大力挥舞将敌人挑空,60%基础攻击伤害$粒子炮：挑空技 解放大剑中的巨炮向前喷出一个浓缩粒子能量球 随后爆炸将敌人挑空,没有连携效果,没有连携效果,2,5,挑空升龙技,强力终结技
20094,战技斩舞4,1,d,9,52094,1024,10201,-1,-1,0,-1,-1,-1,-1,-1,-1,-1,-1,-1,-1,-1,-1,-1,-1,-1,-1,-1,-1,-1,-1,-1,-1,-1,-1,-1,-1,-1,60%基础攻击伤害$鬼影鞭单段：挑空技 使用暗黑能量幻化出鬼影鞭向前大力挥舞将敌人挑空,60%基础攻击伤害$粒子炮：挑空技 解放大剑中的巨炮向前喷出一个浓缩粒子能量球 随后爆炸将敌人挑空,没有连携效果,没有连携效果,2,5,挑空升龙技,强力终结技
20095,魔技斩舞4,2,c,10,52095,1024,10202,-1,-1,0,-1,-1,-1,-1,-1,-1,-1,-1,-1,-1,-1,-1,-1,-1,-1,-1,-1,-1,-1,-1,-1,-1,-1,-1,-1,-1,-1,80%基础攻击伤害$鬼影鞭单段：挑空技 使用暗黑能量幻化出鬼影鞭向前大力挥舞将敌人挑空,80%基础攻击伤害$粒子炮：挑空技 解放大剑中的巨炮向前喷出一个浓缩粒子能量球 随后爆炸将敌人挑空,没有连携效果,没有连携效果,2,5,挑空升龙技,强力终结技
20096,魔技斩舞4,2,c,9,52096,1024,10203,-1,-1,0,-1,-1,-1,-1,-1,-1,-1,-1,-1,-1,-1,-1,-1,-1,-1,-1,-1,-1,-1,-1,-1,-1,-1,-1,-1,-1,-1,80%基础攻击伤害$鬼影鞭单段：挑空技 使用暗黑能量幻化出鬼影鞭向前大力挥舞将敌人挑空,80%基础攻击伤害$粒子炮：挑空技 解放大剑中的巨炮向前喷出一个浓缩粒子能量球 随后爆炸将敌人挑空,没有连携效果,没有连携效果,2,5,挑空升龙技,强力终结技
20097,王技斩舞4,3,b,13,52097,1024,10204,1024;1010,1024;1010,0,10208,-1,提升50%暴击属性持续10秒,-1,-1,-1,-1,-1,-1,-1,-1,-1,-1,-1,-1,-1,-1,-1,-1,-1,-1,-1,-1,-1,-1,-1,-1,100%基础攻击伤害$鬼影鞭单段：挑空技 使用暗黑能量幻化出鬼影鞭向前大力挥舞将敌人挑空,100%基础攻击伤害$粒子炮：挑空技 解放大剑中的巨炮向前喷出一个浓缩粒子能量球 随后爆炸将敌人挑空,连携一：斩舞4+暗影1$提升50%暴击率持续10秒,连携一：斩舞4+暗影1$提升50%暴击率持续10秒,2,5,挑空升龙技,强力终结技
20098,王技斩舞4,3,b,10,52098,1024,10205,1024;1002,1024;1002,0,10209,-1,提升50%基础伤害持续10秒,-1,-1,-1,-1,-1,-1,-1,-1,-1,-1,-1,-1,-1,-1,-1,-1,-1,-1,-1,-1,-1,-1,-1,-1,100%基础攻击伤害$鬼影鞭单段：挑空技 使用暗黑能量幻化出鬼影鞭向前大力挥舞将敌人挑空,100%基础攻击伤害$粒子炮：挑空技 解放大剑中的巨炮向前喷出一个浓缩粒子能量球 随后爆炸将敌人挑空,连携一：斩舞4+影袭2$提升50%基础伤害持续10秒,连携一：斩舞4+影袭2$提升50%基础伤害持续10秒,2,5,挑空升龙技,强力终结技
20099,神技斩舞4,4,a,10,52099,1024,10206,1024;1004,1024;1004,0,10210,-1,提升50%基础伤害持续10秒,1024;1006,1024;1006,0,10211,-1,提升50%基础伤害持续15秒,-1,-1,-1,-1,-1,-1,-1,-1,-1,-1,-1,-1,-1,-1,-1,-1,-1,-1,120%基础攻击伤害$鬼影鞭单段：挑空技 使用暗黑能量幻化出鬼影鞭向前大力挥舞将敌人挑空,120%基础攻击伤害$粒子炮：挑空技 解放大剑中的巨炮向前喷出一个浓缩粒子能量球 随后爆炸将敌人挑空,连携一：斩舞4+绝影2$提升50%基础伤害持续10秒$连携二：斩舞4+百裂斩2$提升50%基础伤害持续15秒,连携一：斩舞4+绝影2$提升50%基础伤害持续10秒$连携二：斩舞4+百裂斩2$提升50%基础伤害持续15秒,2,5,挑空升龙技,强力终结技
20100,圣技斩舞4,5,s,13,52100,1024,10200,1024;1027,1024;1027,0,10201,-1,提升80%暴击属性持续10秒,1024;1011,1024;1011,0,10202,-1,提升80%暴击属性持续15秒,1024;1004;1029,1024;1004;1029,0,10203,-1,提升80%暴击属性持续25秒,-1,-1,-1,-1,-1,-1,-1,-1,-1,-1,-1,-1,140%基础攻击伤害$鬼影鞭单段：挑空技 使用暗黑能量幻化出鬼影鞭向前大力挥舞将敌人挑空,140%基础攻击伤害$粒子炮：挑空技 解放大剑中的巨炮向前喷出一个浓缩粒子能量球 随后爆炸将敌人挑空,连携一：圣技斩舞4+轰焰4$提升80%暴击率持续10秒$连携二：圣技斩舞4+轰焰1$提升80%暴击率持续15秒$连携三：圣技斩舞4+绝影2+绝影6$提升80%暴击率持续25秒,连携一：圣技斩舞4+轰焰4$提升80%暴击率持续10秒$连携二：圣技斩舞4+轰焰1$提升80%暴击率持续15秒$连携三：圣技斩舞4+绝影2+绝影6$提升80%暴击率持续25秒,2,5,挑空升龙技,强力终结技
20101,战技轰焰2,1,d,13,52101,1025,10215,-1,-1,0,-1,-1,-1,-1,-1,-1,-1,-1,-1,-1,-1,-1,-1,-1,-1,-1,-1,-1,-1,-1,-1,-1,-1,-1,-1,-1,-1,60%基础攻击伤害$修罗眼：终结技 召唤出修罗之眼并爆炸将所有敌人击飞,60%基础攻击伤害$粒子对撞：终结技 解放大剑中的巨炮向后方轰击 产生的爆炸力将自己向前推出产生强力冲撞将敌人撞飞,没有连携效果,没有连携效果,5,5,强力终结技,强力终结技
20102,圣技轰焰2,5,s,9,52102,1025,10215,1025;1026,1025;1026,0,10216,-1,恢复血量10%,1025;1007,1025;1007,0,10217,-1,恢复血量20%,1025;1015;1005,1025;1015;1005,0,10218,-1,恢复血量30%,-1,-1,-1,-1,-1,-1,-1,-1,-1,-1,-1,-1,140%基础攻击伤害$修罗眼：终结技 召唤出修罗之眼并爆炸将所有敌人击飞,140%基础攻击伤害$粒子对撞：终结技 解放大剑中的巨炮向后方轰击 产生的爆炸力将自己向前推出产生强力冲撞将敌人撞飞,连携一：圣技轰焰2+轰焰3$恢复血量10%$连携二：圣技轰焰2+百裂斩3$恢复血量20%$连携三：圣技轰焰2+百裂斩4+百裂斩1$恢复血量30%,连携一：圣技轰焰2+轰焰3$恢复血量10%$连携二：圣技轰焰2+百裂斩3$恢复血量20%$连携三：圣技轰焰2+百裂斩4+百裂斩1$恢复血量30%,5,5,强力终结技,强力终结技
20103,战技轰焰3,1,d,13,52103,1026,10220,-1,-1,0,-1,-1,-1,-1,-1,-1,-1,-1,-1,-1,-1,-1,-1,-1,-1,-1,-1,-1,-1,-1,-1,-1,-1,-1,-1,-1,-1,60%基础攻击伤害$召唤守卫：挑空技 召唤出鬼兵向前释放三道刀光将所有敌人挑空,60%基础攻击伤害$高速炮：挑空技 解放大剑中的巨炮向前喷出多个能量炮将敌人击退,没有连携效果,没有连携效果,2,5,挑空升龙技,强力终结技
20104,魔技轰焰3,2,c,12,52104,1026,10221,-1,-1,0,-1,-1,-1,-1,-1,-1,-1,-1,-1,-1,-1,-1,-1,-1,-1,-1,-1,-1,-1,-1,-1,-1,-1,-1,-1,-1,-1,80%基础攻击伤害$召唤守卫：挑空技 召唤出鬼兵向前释放三道刀光将所有敌人挑空,80%基础攻击伤害$高速炮：挑空技 解放大剑中的巨炮向前喷出多个能量炮将敌人击退,没有连携效果,没有连携效果,2,5,挑空升龙技,强力终结技
20105,王技轰焰3,3,b,10,52105,1026,10222,1026;1003,1026;1003,0,10224,-1,提升50%基础伤害持续10秒,-1,-1,-1,-1,-1,-1,-1,-1,-1,-1,-1,-1,-1,-1,-1,-1,-1,-1,-1,-1,-1,-1,-1,-1,100%基础攻击伤害$召唤守卫：挑空技 召唤出鬼兵向前释放三道刀光将所有敌人挑空,100%基础攻击伤害$高速炮：挑空技 解放大剑中的巨炮向前喷出多个能量炮将敌人击退,连携一：轰焰3+绝影1$提升50%基础伤害持续10秒,连携一：轰焰3+绝影1$提升50%基础伤害持续10秒,2,5,挑空升龙技,强力终结技
20106,圣技轰焰3,5,s,11,52106,1026,10220,1026;1005,1026;1005,0,10221,-1,提升80%防御力持续10秒,1026;1023,1026;1023,0,10222,-1,提升80%防御力持续15秒,1026;1029;1019,1026;1029;1019,0,10223,-1,提升80%防御力持续25秒,-1,-1,-1,-1,-1,-1,-1,-1,-1,-1,-1,-1,140%基础攻击伤害$召唤守卫：挑空技 召唤出鬼兵向前释放三道刀光将所有敌人挑空,140%基础攻击伤害$高速炮：挑空技 解放大剑中的巨炮向前喷出多个能量炮将敌人击退,连携一：圣技轰焰3+百裂斩1$提升80%防御力持续10秒$连携二：圣技轰焰3+斩舞3$提升80%防御力持续15秒$连携三：圣技轰焰3+绝影6+暗影4$提升80%防御力持续25秒,连携一：圣技轰焰3+百裂斩1$提升80%防御力持续10秒$连携二：圣技轰焰3+斩舞3$提升80%防御力持续15秒$连携三：圣技轰焰3+绝影6+暗影4$提升80%防御力持续25秒,2,5,挑空升龙技,强力终结技
20107,战技轰焰4,1,d,9,52107,1027,10228,-1,-1,0,-1,-1,-1,-1,-1,-1,-1,-1,-1,-1,-1,-1,-1,-1,-1,-1,-1,-1,-1,-1,-1,-1,-1,-1,-1,-1,-1,60%基础攻击伤害$召唤乌鸦：连续技 召唤出邪恶乌鸦群将敌人向前击飞,60%基础攻击伤害$强化高速炮：连续技 解放大剑中的巨炮向前方射出扇形多个能量球将敌人击向空中,没有连携效果,没有连携效果,4,5,连续多段技,强力终结技
20108,王技轰焰4,3,b,10,52108,1027,10229,1027;1028,1027;1028,0,10231,-1,提升50%基础伤害持续10秒,-1,-1,-1,-1,-1,-1,-1,-1,-1,-1,-1,-1,-1,-1,-1,-1,-1,-1,-1,-1,-1,-1,-1,-1,100%基础攻击伤害$召唤乌鸦：连续技 召唤出邪恶乌鸦群将敌人向前击飞,100%基础攻击伤害$强化高速炮：连续技 解放大剑中的巨炮向前方射出扇形多个能量球将敌人击向空中,连携一：轰焰4+绝影5$提升50%基础伤害持续10秒,连携一：轰焰4+绝影5$提升50%基础伤害持续10秒,4,5,连续多段技,强力终结技
20109,圣技轰焰4,5,s,12,52109,1027,10228,1027;1023,1027;1023,0,10229,-1,提升80%破击属性持续10秒,1027;1024,1027;1024,0,10230,-1,提升80%破击属性持续15秒,1027;1012;1030,1027;1012;1030,0,10231,-1,提升80%破击属性持续25秒,-1,-1,-1,-1,-1,-1,-1,-1,-1,-1,-1,-1,140%基础攻击伤害$召唤乌鸦：连续技 召唤出邪恶乌鸦群将敌人向前击飞,140%基础攻击伤害$强化高速炮：连续技 解放大剑中的巨炮向前方射出扇形多个能量球将敌人击向空中,连携一：圣技轰焰4+斩舞3$提升80%破击属性持续10秒$连携二：圣技轰焰4+斩舞4$提升80%破击属性持续15秒$连携三：圣技轰焰4+影袭3+绝影7$提升80%破击属性持续25秒,连携一：圣技轰焰4+斩舞3$提升80%破击属性持续10秒$连携二：圣技轰焰4+斩舞4$提升80%破击属性持续15秒$连携三：圣技轰焰4+影袭3+绝影7$提升80%破击属性持续25秒,4,5,连续多段技,强力终结技
20110,战技绝影5,1,d,11,52110,1028,10235,-1,-1,0,-1,-1,-1,-1,-1,-1,-1,-1,-1,-1,-1,-1,-1,-1,-1,-1,-1,-1,-1,-1,-1,-1,-1,-1,-1,-1,-1,60%基础攻击伤害$鬼影重重单：挑空技 聚集能量向前快速冲刺 将被攻击到的敌人挑空,60%基础攻击伤害$电磁炸弹：挑空技 向前扔出一个电磁炸弹随后产生爆炸将敌人击向空中,没有连携效果,没有连携效果,2,5,挑空升龙技,强力终结技
20111,王技绝影5,3,b,11,52111,1028,10235,1028;1021,1028;1021,0,10237,-1,提升60%防御力持续10秒,-1,-1,-1,-1,-1,-1,-1,-1,-1,-1,-1,-1,-1,-1,-1,-1,-1,-1,-1,-1,-1,-1,-1,-1,100%基础攻击伤害$鬼影重重单：挑空技 聚集能量向前快速冲刺 将被攻击到的敌人挑空,100%基础攻击伤害$电磁炸弹：挑空技 向前扔出一个电磁炸弹随后产生爆炸将敌人击向空中,连携一：王技绝影5+斩舞1$提升60%防御力持续10秒,连携一：王技绝影5+斩舞1$提升60%防御力持续10秒,2,5,挑空升龙技,强力终结技
20112,圣技绝影5,5,s,12,52112,1028,10236,1028;1009,1028;1009,0,10239,-1,提升80%破击属性持续10秒,1028;1005,1028;1005,0,10240,-1,提升80%破击属性持续15秒,1028;1021;1016,1028;1021;1016,0,10241,-1,提升80%破击属性持续25秒,-1,-1,-1,-1,-1,-1,-1,-1,-1,-1,-1,-1,140%基础攻击伤害$鬼影重重单：挑空技 聚集能量向前快速冲刺 将被攻击到的敌人挑空,140%基础攻击伤害$电磁炸弹：挑空技 向前扔出一个电磁炸弹随后产生爆炸将敌人击向空中,连携一：圣技绝影5+绝影4$提升80%破击属性持续10秒$连携二：圣技绝影5+百裂斩1$提升80%破击属性持续15秒$连携三：圣技绝影5+斩舞1+提升80%破击属性持续25秒,连携一：圣技绝影5+绝影4$提升80%破击属性持续10秒$连携二：圣技绝影5+百裂斩1$提升80%破击属性持续15秒$连携三：圣技绝影5+斩舞1+提升80%破击属性持续25秒,2,5,挑空升龙技,强力终结技
20113,战技绝影6,1,d,10,52113,1029,10242,-1,-1,0,-1,-1,-1,-1,-1,-1,-1,-1,-1,-1,-1,-1,-1,-1,-1,-1,-1,-1,-1,-1,-1,-1,-1,-1,-1,-1,-1,60%基础攻击伤害$鬼影重重多：连续技 聚集能量向前快速冲刺三次 将被攻击到的敌人挑空,60%基础攻击伤害$高爆炸弹：连续技 向前扔出三个高爆炸弹立刻产生爆炸将敌人击向空中,没有连携效果,没有连携效果,4,5,连续多段技,强力终结技
20114,王技绝影6,3,b,10,52114,1029,10243,1029;1010,1029;1010,0,10245,-1,提升50%基础伤害持续10秒,-1,-1,-1,-1,-1,-1,-1,-1,-1,-1,-1,-1,-1,-1,-1,-1,-1,-1,-1,-1,-1,-1,-1,-1,100%基础攻击伤害$鬼影重重多：连续技 聚集能量向前快速冲刺三次 将被攻击到的敌人挑空,100%基础攻击伤害$高爆炸弹：连续技 向前扔出三个高爆炸弹立刻产生爆炸将敌人击向空中,连携一：绝影6+暗影1$提升50%基础伤害持续10秒,连携一：绝影6+暗影1$提升50%基础伤害持续10秒,4,5,连续多段技,强力终结技
20115,圣技绝影6,5,s,9,52115,1029,10242,1029;1019,1029;1019,0,10243,-1,恢复血量10%,1029;1010,1029;1010,0,10244,-1,恢复血量20%,1029;1015;1011,1029;1015;1011,0,10245,-1,恢复血量30%,-1,-1,-1,-1,-1,-1,-1,-1,-1,-1,-1,-1,140%基础攻击伤害$鬼影重重多：连续技 聚集能量向前快速冲刺三次 将被攻击到的敌人挑空,140%基础攻击伤害$高爆炸弹：连续技 向前扔出三个高爆炸弹立刻产生爆炸将敌人击向空中,连携一：圣技绝影6+暗影4$恢复血量10%$连携二：圣技绝影6+暗影1$恢复血量20%$连携三：圣技绝影6+百裂斩4+轰焰1$恢复血量30%,连携一：圣技绝影6+暗影4$恢复血量10%$连携二：圣技绝影6+暗影1$恢复血量20%$连携三：圣技绝影6+百裂斩4+轰焰1$恢复血量30%,4,5,连续多段技,强力终结技
20116,战技绝影7,1,d,11,52116,1030,10249,-1,-1,0,-1,-1,-1,-1,-1,-1,-1,-1,-1,-1,-1,-1,-1,-1,-1,-1,-1,-1,-1,-1,-1,-1,-1,-1,-1,-1,-1,60%基础攻击伤害$鬼影重重飞：挑空技 聚集能量向上来回冲刺将敌人挑上空中后 全力向下劈斩将所有敌人击飞,60%基础攻击伤害$光刃突袭：挑空技 快速挥动武器向前冲刺将所有敌人击飞,没有连携效果,没有连携效果,2,5,挑空升龙技,强力终结技
20117,战技绝影7,1,d,13,52117,1030,10250,-1,-1,0,-1,-1,-1,-1,-1,-1,-1,-1,-1,-1,-1,-1,-1,-1,-1,-1,-1,-1,-1,-1,-1,-1,-1,-1,-1,-1,-1,60%基础攻击伤害$鬼影重重飞：挑空技 聚集能量向上来回冲刺将敌人挑上空中后 全力向下劈斩将所有敌人击飞,60%基础攻击伤害$光刃突袭：挑空技 快速挥动武器向前冲刺将所有敌人击飞,没有连携效果,没有连携效果,2,5,挑空升龙技,强力终结技
20118,魔技绝影7,2,c,10,52118,1030,10251,-1,-1,0,-1,-1,-1,-1,-1,-1,-1,-1,-1,-1,-1,-1,-1,-1,-1,-1,-1,-1,-1,-1,-1,-1,-1,-1,-1,-1,-1,80%基础攻击伤害$鬼影重重飞：挑空技 聚集能量向上来回冲刺将敌人挑上空中后 全力向下劈斩将所有敌人击飞,80%基础攻击伤害$光刃突袭：挑空技 快速挥动武器向前冲刺将所有敌人击飞,没有连携效果,没有连携效果,2,5,挑空升龙技,强力终结技
20119,王技绝影7,3,b,13,52119,1030,10252,1030;1022,1030;1022,0,10257,-1,提升50%暴击属性持续10秒,-1,-1,-1,-1,-1,-1,-1,-1,-1,-1,-1,-1,-1,-1,-1,-1,-1,-1,-1,-1,-1,-1,-1,-1,100%基础攻击伤害$鬼影重重飞：挑空技 聚集能量向上来回冲刺将敌人挑上空中后 全力向下劈斩将所有敌人击飞,100%基础攻击伤害$光刃突袭：挑空技 快速挥动武器向前冲刺将所有敌人击飞,连携一：绝影7+斩舞2$提升50%暴击率持续10秒,连携一：绝影7+斩舞2$提升50%暴击率持续10秒,2,5,挑空升龙技,强力终结技
20120,王技绝影7,3,b,9,52120,1030,10253,1030;1009,1030;1009,0,10258,-1,恢复10%血量,-1,-1,-1,-1,-1,-1,-1,-1,-1,-1,-1,-1,-1,-1,-1,-1,-1,-1,-1,-1,-1,-1,-1,-1,100%基础攻击伤害$鬼影重重飞：挑空技 聚集能量向上来回冲刺将敌人挑上空中后 全力向下劈斩将所有敌人击飞,100%基础攻击伤害$光刃突袭：挑空技 快速挥动武器向前冲刺将所有敌人击飞,连携一：绝影7+绝影4$恢复10%血量,连携一：绝影7+绝影4$恢复10%血量,2,5,挑空升龙技,强力终结技
20121,神技绝影7,4,a,12,52121,1030,10254,1030;1003,1030;1003,0,10259,-1,提升80%破击属性持续10秒,1030;1014,1030;1014,0,10260,-1,提升80%破击属性持续15秒,-1,-1,-1,-1,-1,-1,-1,-1,-1,-1,-1,-1,-1,-1,-1,-1,-1,-1,120%基础攻击伤害$鬼影重重飞：挑空技 聚集能量向上来回冲刺将敌人挑上空中后 全力向下劈斩将所有敌人击飞,120%基础攻击伤害$光刃突袭：挑空技 快速挥动武器向前冲刺将所有敌人击飞,连携一：绝影7+绝影1$增加破防属性20%持续10秒$连携二：绝影7+影袭5$增加破防属性30%持续15秒,连携一：绝影7+绝影1$增加破防属性20%持续10秒$连携二：绝影7+影袭5$增加破防属性30%持续15秒,2,5,挑空升龙技,强力终结技
20122,神技绝影7,4,a,13,52122,1030,10255,1030;1010,1030;1010,0,10261,-1,提升80%破击属性持续10秒,1030;1011,1030;1011,0,10262,-1,提升80%破击属性持续15秒,-1,-1,-1,-1,-1,-1,-1,-1,-1,-1,-1,-1,-1,-1,-1,-1,-1,-1,120%基础攻击伤害$鬼影重重飞：挑空技 聚集能量向上来回冲刺将敌人挑上空中后 全力向下劈斩将所有敌人击飞,120%基础攻击伤害$光刃突袭：挑空技 快速挥动武器向前冲刺将所有敌人击飞,连携一：绝影7+暗影1$提升50%暴击率持续10秒$连携二：绝影7+轰焰1$暴击率增加30%持续15秒,连携一：绝影7+暗影1$提升50%暴击率持续10秒$连携二：绝影7+轰焰1$暴击率增加30%持续15秒,2,5,挑空升龙技,强力终结技
20123,圣技绝影7,5,s,9,52123,1030,10249,1030;1012,1030;1012,0,10250,-1,恢复血量10%,1030;1026,1030;1026,0,10251,-1,恢复血量20%,1030;1023;1012,1030;1023;1012,0,10252,-1,恢复血量30%,-1,-1,-1,-1,-1,-1,-1,-1,-1,-1,-1,-1,140%基础攻击伤害$鬼影重重飞：挑空技 聚集能量向上来回冲刺将敌人挑上空中后 全力向下劈斩将所有敌人击飞,140%基础攻击伤害$光刃突袭：挑空技 快速挥动武器向前冲刺将所有敌人击飞,连携一：圣技绝影7+影袭3$恢复血量10%$连携二：圣技绝影7+轰焰3$恢复血量20%$连携三：圣技绝影7+斩舞3+影袭3$恢复血量30%,连携一：圣技绝影7+影袭3$恢复血量10%$连携二：圣技绝影7+轰焰3$恢复血量20%$连携三：圣技绝影7+斩舞3+影袭3$恢复血量30%,2,5,挑空升龙技,强力终结技
21001,战技影袭1,1,d,9,52001,1001,10001,-1,-1,0,-1,-1,-1,-1,-1,-1,-1,-1,-1,-1,-1,-1,-1,-1,-1,-1,-1,-1,-1,-1,-1,-1,-1,-1,-1,-1,-1,60%基础攻击伤害$血雨风暴：突进技 纵身向前旋转冲刺一段距离 将被击到的敌人向前击飞 ,60%基础攻击伤害$二连斩：挑空技 向前挥动大剑将敌人向上挑空击飞,没有连携效果,没有连携效果,3,2,高速突进技,挑空升龙技
21002,魔技影袭1,2,c,13,52002,1001,10002,-1,-1,0,-1,-1,-1,-1,-1,-1,-1,-1,-1,-1,-1,-1,-1,-1,-1,-1,-1,-1,-1,-1,-1,-1,-1,-1,-1,-1,-1,80%基础攻击伤害$血雨风暴：突进技 纵身向前旋转冲刺一段距离 将被击到的敌人向前击飞,80%基础攻击伤害$二连斩：挑空技 向前挥动大剑将敌人向上挑空击飞,没有连携效果,没有连携效果,3,2,高速突进技,挑空升龙技
21003,王技影袭1,3,b,10,52003,1001,10003,1001;1006,1001;1020,0,10004,-1,提高20%基础攻击力持续8秒,-1,-1,-1,-1,-1,-1,-1,-1,-1,-1,-1,-1,-1,-1,-1,-1,-1,-1,-1,-1,-1,-1,-1,-1,100%基础攻击伤害$血雨风暴：突进技 纵身向前旋转冲刺一段距离 将被击到的敌人向前击飞,100%基础攻击伤害$二连斩：挑空技 向前挥动大剑将敌人向上挑空击飞,连携一：王技影袭1+百裂斩2$提高20%基础攻击力持续8秒$,连携一：王技影袭1+暗影5$提高20%基础攻击力持续8秒$,3,2,高速突进技,挑空升龙技
21004,神技影袭2,4,a,9,52006,1002,10005,1002;1003,1002;1017,0,10007,-1,恢复血量8%,1002;1009,1002;1005,0,10008,-1,恢复血量15%,-1,-1,-1,-1,-1,-1,-1,-1,-1,-1,-1,-1,-1,-1,-1,-1,-1,-1,120%基础攻击伤害$强化血雨风暴：突进技 纵身向前旋转冲刺更远 将被击到的敌人向前击飞,120%基础攻击伤害$龙破斩：突进技 双手持大剑快速旋转产生旋风并向前挥出 旋风击到的敌人会被击飞,连携一：神技影袭2+绝影1$恢复血量8%$连携二：神技影袭2+绝影4$恢复血量15%$,连携一：神技影袭2+绝影1$恢复血量8%$连携二：神技影袭2+绝影1$恢复血量15%$,3,4,高速突进技,连续多段技
21005,圣技影袭2,5,s,13,52007,1002,10006,1002;1003,1002;1005,0,10009,-1,提高30%暴击属性持续8秒 ,1002;1003,1002;1011,0,10010,-1,提高30%暴击属性持续8秒,1002;1018;1019,1002;1011;1030,0,10011,-1,提高30%暴击属性持续8秒,-1,-1,-1,-1,-1,-1,-1,-1,-1,-1,-1,-1,140%基础攻击伤害$强化血雨风暴：突进技 纵身向前旋转冲刺更远 将被击到的敌人向前击飞,140%基础攻击伤害$龙破斩：突进技 双手持大剑快速旋转产生旋风并向前挥出 旋风击到的敌人会被击飞,连携一：圣技影袭2+绝影1$提高30%暴击属性持续8秒$连携二：圣技影袭2+百裂斩4$提高30%暴击属性持续8秒$连携三：圣技影袭2+暗影3+暗影4$提高30%暴击属性持续8秒$,连携一：圣技影袭2+绝影1$提高30%暴击属性持续8秒$连携二：神技影袭2+绝影1$提高30%暴击属性持续8秒$连携三：圣技影袭2+绝影1+绝影2$提高30%暴击属性持续8秒$,3,4,高速突进技,连续多段技
21006,神技绝影1,4,a,10,52009,1003,10013,1003;1005,1003;1005,0,10015,-1,提高30%基础攻击力持续8秒,1003;1016,1003;1016,0,10016,-1,提高30%基础攻击力持续8秒,-1,-1,-1,-1,-1,-1,-1,-1,-1,-1,-1,-1,-1,-1,-1,-1,-1,-1,120%基础攻击伤害$满月斩：连续技 向前跳起发动旋转攻击 将敌人击飞（在空中释放将垂直向下旋转攻击）,120%基础攻击伤害$龙吟斩：连续技 双手持大剑快速旋转产生多个旋风并向前挥出 旋风击到的敌人会被击飞,连携一：神技绝影1+百裂斩1$提高30%基础攻击力持续8秒$连携二：神技绝影1+百裂斩5$提高30%基础攻击力持续8秒,连携一：神技绝影1+暗影2$提高30%基础攻击力持续8秒$连携二：神技绝影1+百裂斩1$提高30%基础攻击力持续8秒$,4,4,连续多段技,连续多段技
21007,圣技绝影1,5,s,11,52010,1003,10014,1003;1011,1003;1011,0,10017,-1,提高30%防御力持续8秒,1003;1011,1003;1011,0,10018,-1,提高30%防御力持续8秒,1003;1011,1003;1011,0,10019,-1,提高30%防御力持续8秒,-1,-1,-1,-1,-1,-1,-1,-1,-1,-1,-1,-1,140%基础攻击伤害$满月斩：连续技 向前跳起发动旋转攻击 将敌人击飞（在空中释放将垂直向下旋转攻击）,140%基础攻击伤害$龙吟斩：连续技 双手持大剑快速旋转产生多个旋风并向前挥出 旋风击到的敌人会被击飞,连携一：圣技绝影1+轰焰1$提高30%防御力持续8秒$连携二：圣技绝影1+轰焰1$提高30%防御力持续8秒$连携三：圣技绝影1+轰焰1$提高30%防御力持续8秒$,连携一：圣技绝影1+百裂斩1$提高30%防御力持续8秒$连携二：圣技绝影1+轰焰1$提高30%防御力持续8秒$连携三：圣技绝影1+轰焰1+绝影7$提高30%防御力持续8秒$,4,4,连续多段技,连续多段技
21008,神技绝影2,4,a,13,52011,1004,10020,1004;1005,1004;1005,0,10022,-1,提高30%暴击属性持续8秒 ,1004;1016;1007,1004;1016;1007,0,10023,-1,提高30%暴击属性持续8秒,-1,-1,-1,-1,-1,-1,-1,-1,-1,-1,-1,-1,-1,-1,-1,-1,-1,-1,120%基础攻击伤害$强化满月斩：连续技 向前跳起更远发动旋转攻击 将敌人击飞（在空中释放将垂直向下旋转攻击）,120%基础攻击伤害$挑击：挑空技 挥动大剑向上挑击 将敌人向上挑空一段距离,连携一：神技绝影2+百裂斩1$提高30%暴击属性持续8秒$连携二：神技绝影2+百裂斩5+百裂斩3$提高30%暴击属性持续8秒$,连携一：神技绝影2+百裂斩1$提高30%暴击属性持续8秒$连携二：神技绝影2+百裂斩1+百裂斩3$提高30%暴击属性持续8秒$,4,2,连续多段技,挑空升龙技
21009,圣技绝影2,5,s,9,52012,1004,10021,1004;1003,1004;1003,0,10025,-1,恢复血量10%,1004;1003,1004;1003,0,10026,-1,恢复血量20%,1004;1003;1011,1004;1003;1011,0,10027,-1,恢复血量30%,-1,-1,-1,-1,-1,-1,-1,-1,-1,-1,-1,-1,140%基础攻击伤害$强化满月斩：连续技 向前跳起更远发动旋转攻击 将敌人击飞（在空中释放将垂直向下旋转攻击）,140%基础攻击伤害$挑击：挑空技 挥动大剑向上挑击 将敌人向上挑空一段距离,连携一：圣技绝影2+绝影1$恢复血量10%$连携二：圣技绝影2+绝影1$恢复血量20%$连携三：圣技绝影2+绝影1+轰焰1$恢复血量30%$,连携一：圣技绝影2+绝影1$恢复血量10%$连携二：圣技绝影2+绝影1$恢复血量20%$连携三：圣技绝影2+绝影1+轰焰1$恢复血量30%$,4,2,连续多段技,挑空升龙技
21010,神技百裂斩1,4,a,12,52017,1005,10028,1005;1017,1005;1015,0,10030,-1,提高30%破击属性持续8秒,1005;1012,1005;1016,0,10031,-1,提高30%破击属性持续8秒,-1,-1,-1,-1,-1,-1,-1,-1,-1,-1,-1,-1,-1,-1,-1,-1,-1,-1,120%基础攻击伤害$剑刃乱舞：突进技 挥出多道刀光并快速向前突进 将所有敌人向前击飞,120%基础攻击伤害$旋风斩：连续技 双手持大剑发动旋转攻击将敌人持续挑空,连携一：神技百裂斩1+暗影2$提高30%破击属性持续8秒$连携二：神技百裂斩1+影袭3$提高30%破击属性持续8秒$,连携一：神技百裂斩1+百裂斩4$提高30%破击属性持续8秒$连携二：神技百裂斩1+百裂斩5$提高30%破击属性持续8秒$,3,4,高速突进技,连续多段技
21011,圣技百裂斩1,5,s,11,52018,1005,10029,1005;1011,1005;1009,0,10032,-1,提高30%防御力持续8秒,1005;1015,1005;1018,0,10033,-1,提高30%防御力持续8秒,1005;1017;1019,1005;1030;1027,0,10034,-1,提高30%防御力持续8秒,-1,-1,-1,-1,-1,-1,-1,-1,-1,-1,-1,-1,140%基础攻击伤害$剑刃乱舞：突进技 挥出多道刀光并快速向前突进 将所有敌人向前击飞,140%基础攻击伤害$旋风斩：连续技 双手持大剑发动旋转攻击将敌人持续挑空,连携一：圣技百裂斩1+轰焰1$提高30%防御力持续8秒$连携二：圣技百裂斩1+百裂斩4$提高30%防御力持续8秒$连携三：圣技百裂斩1+暗影2+暗影4$提高30%防御力持续8秒$,连携一：圣技百裂斩1+绝影4$提高30%防御力持续8秒$连携二：圣技百裂斩1+暗影3$提高30%防御力持续8秒$连携三：圣技百裂斩1+绝影7+轰焰4$提高30%防御力持续8秒$,3,4,高速突进技,连续多段技
21012,战技百裂斩2,1,d,9,52019,1006,10038,-1,-1,0,-1,-1,-1,-1,-1,-1,-1,-1,-1,-1,-1,-1,-1,-1,-1,-1,-1,-1,-1,-1,-1,-1,-1,-1,-1,-1,-1,60%基础攻击伤害$虚空斩：连续技 聚集力量向前挥舞 在前方一段距离产生三连刀光牵制敌人,60%基础攻击伤害$怒斩：连续技 向前扔出大剑将敌人挑空 随后大剑回拉将敌人拉向自己,没有连携效果,没有连携效果,4,4,连续多段技,连续多段技
21013,魔技百裂斩2,2,c,11,52020,1006,10039,-1,-1,0,-1,-1,-1,-1,-1,-1,-1,-1,-1,-1,-1,-1,-1,-1,-1,-1,-1,-1,-1,-1,-1,-1,-1,-1,-1,-1,-1,80%基础攻击伤害$虚空斩：连续技 聚集力量向前挥舞 在前方一段距离产生三连刀光牵制敌人,80%基础攻击伤害$怒斩：连续技 向前扔出大剑将敌人挑空 随后大剑回拉将敌人拉向自己,没有连携效果,没有连携效果,4,4,连续多段技,连续多段技
21014,王技百裂斩2,3,b,13,52021,1006,10040,1006;1003,1006;1003,0,10041,-1,提高20%暴击属性持续8秒 ,-1,-1,-1,-1,-1,-1,-1,-1,-1,-1,-1,-1,-1,-1,-1,-1,-1,-1,-1,-1,-1,-1,-1,-1,100%基础攻击伤害$虚空斩：连续技 聚集力量向前挥舞 在前方一段距离产生三连刀光牵制敌人,100%基础攻击伤害$怒斩：连续技 向前扔出大剑将敌人挑空 随后大剑回拉将敌人拉向自己,连携一：王技百裂斩2+绝影1$提高20%暴击属性持续8秒 $,连携一：王技百裂斩2+影袭1$提高20%暴击属性持续8秒 $,4,4,连续多段技,连续多段技
21015,神技百裂斩3,4,a,9,52023,1007,10045,1007;1012,1007;1012,0,10047,-1,恢复血量8%,1007;1011,1007;1011,0,10048,-1,恢复血量15%,-1,-1,-1,-1,-1,-1,-1,-1,-1,-1,-1,-1,-1,-1,-1,-1,-1,-1,120%基础攻击伤害$强化虚空斩：连续技 聚集力量向前挥舞 在前方一段距离产生五连刀光牵制敌人 最后一击将敌人挑空,120%基础攻击伤害$跳跃斩：连续技 全力向前跃起旋转向下劈斩将敌人击向空中,连携一：神技百裂斩3+影袭3$恢复血量8%$连携二：神技百裂斩3+轰焰1$恢复血量15%$,连携一：神技百裂斩3+百裂斩4$恢复血量8%$连携二：神技百裂斩3+百裂斩4$恢复血量15%$,4,5,连续多段技,强力终结技
21016,圣技百裂斩3,5,s,13,52024,1007,10046,1007;1015,1007;1015,0,10049,-1,提高30%暴击属性持续8秒 ,1007;1023,1007;1023,0,10050,-1,提高30%暴击属性持续8秒,1007;1029;1011,1007;1029;1011,0,10051,-1,提高30%暴击属性持续8秒,-1,-1,-1,-1,-1,-1,-1,-1,-1,-1,-1,-1,140%基础攻击伤害$强化虚空斩：连续技 聚集力量向前挥舞 在前方一段距离产生五连刀光牵制敌人 最后一击将敌人挑空,140%基础攻击伤害$跳跃斩：连续技 全力向前跃起旋转向下劈斩将敌人击向空中,连携一：圣技百裂斩3+百裂斩4$提高30%暴击属性持续8秒$连携二：圣技百裂斩3+斩舞3$提高30%暴击属性持续8秒$连携三：圣技百裂斩3+绝影6+轰焰1$提高30%暴击属性持续8秒$,连携一：圣技百裂斩3$提高30%暴击属性持续8秒$连携二：圣技百裂斩3$提高30%暴击属性持续8秒$连携三：圣技百裂斩3$提高30%暴击属性持续8秒$,4,5,连续多段技,强力终结技
21017,战技绝影3,1,d,13,52025,1008,10052,-1,-1,0,-1,-1,-1,-1,-1,-1,-1,-1,-1,-1,-1,-1,-1,-1,-1,-1,-1,-1,-1,-1,-1,-1,-1,-1,-1,-1,-1,60%基础攻击伤害$半月斩：连续技 全力向前挥舞武器 将攻击到的敌人击向空中,60%基础攻击伤害$蓄力斩：连续技 双手持大剑蓄力 随后向前挥舞出一道刀光将敌人挑空,没有连携效果,没有连携效果,4,5,连续多段技,强力终结技
21018,王技绝影3,3,b,11,52026,1008,10053,1008;1006,1008;1006,0,10055,-1,提高30%防御力持续8秒,-1,-1,-1,-1,-1,-1,-1,-1,-1,-1,-1,-1,-1,-1,-1,-1,-1,-1,-1,-1,-1,-1,-1,-1,100%基础攻击伤害$半月斩：连续技 全力向前挥舞武器 将攻击到的敌人击向空中,100%基础攻击伤害$蓄力斩：连续技 双手持大剑蓄力 随后向前挥舞出一道刀光将敌人挑空,连携一：王技绝影3+百裂斩2$提高30%防御力持续8秒$,连携一：王技绝影3+百裂斩2$提高30%防御力持续8秒$,4,5,连续多段技,强力终结技
21019,魔技绝影3,2,c,9,52027,1008,10054,-1,-1,0,-1,-1,-1,-1,-1,-1,-1,-1,-1,-1,-1,-1,-1,-1,-1,-1,-1,-1,-1,-1,-1,-1,-1,-1,-1,-1,-1,80%基础攻击伤害$半月斩：连续技 全力向前挥舞武器 将攻击到的敌人击向空中,80%基础攻击伤害$蓄力斩：连续技 双手持大剑蓄力 随后向前挥舞出一道刀光将敌人挑空,没有连携效果,没有连携效果,4,5,连续多段技,强力终结技
21020,圣技绝影4,5,s,9,52030,1009,10059,1009;1003,1009;1030,0,10060,-1,恢复血量10% ,1009;1030,1009;1030,0,10061,-1,恢复血量20%,1009;1030;1012,1009;1030;1012,0,10062,-1,恢复血量30%,-1,-1,-1,-1,-1,-1,-1,-1,-1,-1,-1,-1,140%基础攻击伤害$升龙斩：挑空技 聚集力量奋力向上挑击并跳起 将敌人击向空中,140%基础攻击伤害$暴怒连斩：挑空技 挥舞大剑向前挥出三道刀光 将所有敌人挑空,连携一：圣技绝影4+绝影1$恢复血量10%$连携二：圣技绝影4+绝影7$恢复血量20%$连携三：圣技绝影4+绝影7+影袭3$恢复血量30%$,连携一：圣技绝影4+绝影7$恢复血量10%$连携二：圣技绝影4+绝影7$恢复血量20%$连携三：圣技绝影4+绝影7+影袭3$恢复血量30%$,2,2,挑空升龙技,挑空升龙技
21021,神技暗影1,4,a,10,52031,1010,10067,1010;1003,1010;1003,0,10069,-1,提高30%基础攻击力持续8秒,1010;1009,1010;1009,0,10070,-1,提高30%基础攻击力持续8秒,-1,-1,-1,-1,-1,-1,-1,-1,-1,-1,-1,-1,-1,-1,-1,-1,-1,-1,120%基础攻击伤害$深渊之黯：挑空技 向前释放出暗黑能量将敌人击向空中,120%基础攻击伤害$重击：挑空技 向上跳起一小段距离随后全力向下劈斩将所有敌人击倒,连携一：神技暗影1+绝影1$提高30%基础攻击力持续8秒$连携二：神技暗影1+绝影4$提高30%基础攻击力持续8秒$,连携一：神技暗影1+绝影1$提高30%基础攻击力持续8秒$连携二：神技暗影1+绝影1$提高30%基础攻击力持续8秒$,2,5,挑空升龙技,强力终结技
21022,圣技暗影1,5,s,13,52032,1010,10068,1010;1024,1010;1024,0,10071,-1,提高30%暴击属性持续8秒 ,1010;1023,1010;1023,0,10072,-1,提高30%暴击属性持续8秒 ,1010;1023;1027,1010;1023;1027,0,10073,-1,提高30%暴击属性持续8秒 ,-1,-1,-1,-1,-1,-1,-1,-1,-1,-1,-1,-1,140%基础攻击伤害$深渊之黯：挑空技 向前释放出暗黑能量将敌人击向空中,140%基础攻击伤害$重击：挑空技 向上跳起一小段距离随后全力向下劈斩将所有敌人击倒,连携一：圣技暗影1+斩舞4$提高30%暴击属性持续8秒$连携二：圣技暗影1+斩舞3$提高30%暴击属性持续8秒$连携三：圣技暗影1+斩舞3+轰焰4$提高30%暴击属性持续8秒$,连携一：圣技暗影1+斩舞3$提高30%暴击属性持续8秒$连携二：圣技暗影1+斩舞3$提高30%暴击属性持续8秒$连携三：圣技暗影1+斩舞3+轰焰4$提高30%暴击属性持续8秒$,2,5,挑空升龙技,强力终结技
21023,圣技轰焰1,5,s,11,52037,1011,10074,1011;1012,1011;1005,0,10075,-1,提高30%防御力持续8秒,1011;1015,1011;1005,0,10076,-1,提高30%防御力持续8秒,1011;1023;1015,1011;1005;1016,0,10077,-1,提高30%防御力持续8秒,-1,-1,-1,-1,-1,-1,-1,-1,-1,-1,-1,-1,140%基础攻击伤害$强化深渊之黯：终结技 解除限制向前释放出三道暗黑能量将所有敌人击飞,140%基础攻击伤害$光刃：终结技 召唤出一把巨型光剑全力击向地面将所有敌人击倒,连携一：圣技轰焰1+影袭3$提高30%防御力持续8秒$连携二：圣技轰焰1+百裂斩4$提高30%防御力持续8秒$连携三：圣技轰焰1+斩舞3+百裂斩4$提高30%防御力持续8秒$,连携一：圣技轰焰1+百裂斩1$提高30%防御力持续8秒$连携二：圣技轰焰1+百裂斩1$提高30%防御力持续8秒$连携三：圣技轰焰1+百裂斩1+百裂斩5$提高30%防御力持续8秒$,5,5,强力终结技,强力终结技
21024,圣技影袭3,5,s,13,52039,1012,10080,1012;1016,1012;1027,0,10081,-1,提高30%暴击属性持续8秒 ,1012;1017,1012;1027,0,10082,-1,提高30%暴击属性持续8秒 ,1012;1017;1018,1012;1027;1011,0,10084,-1,提高30%暴击属性持续8秒 ,-1,-1,-1,-1,-1,-1,-1,-1,-1,-1,-1,-1,140%基础攻击伤害$血光炸弹：连续技 向前释放出浓缩能量球 将被攻击到的敌人击飞（空中被击中的敌人会被击向空中）,140%基础攻击伤害$十字斩：连续技 双手持剑向前挥舞出一道十字形剑气将敌人击飞,连携一：圣技影袭3+百裂斩5$提高30%暴击属性持续8秒$连携二：圣技影袭3+暗影2$提高30%暴击属性持续8秒$连携三：圣技影袭3+暗影2+暗影3$提高30%暴击属性持续8秒$,连携一：圣技影袭3+轰焰4$提高30%暴击属性持续8秒$连携二：圣技影袭3+轰焰4$提高30%暴击属性持续8秒$连携三：圣技影袭3+轰焰4+轰焰1$提高30%暴击属性持续8秒$,4,4,连续多段技,连续多段技
21025,魔技影袭4,2,c,13,52040,1013,10085,-1,-1,0,-1,-1,-1,-1,-1,-1,-1,-1,-1,-1,-1,-1,-1,-1,-1,-1,-1,-1,-1,-1,-1,-1,-1,-1,-1,-1,-1,80%基础攻击伤害$深渊突进：突进技 全力向前冲刺后在原地释放能量并产生爆破将敌人击飞,80%基础攻击伤害$冲锋：突进技 快速向前冲刺一段距离将所有敌人击飞,没有连携效果,没有连携效果,3,3,高速突进技,高速突进技
21026,王技影袭4,3,b,9,52041,1013,10086,1013;1008,1013;1008,0,10087,-1,恢复血量5%,-1,-1,-1,-1,-1,-1,-1,-1,-1,-1,-1,-1,-1,-1,-1,-1,-1,-1,-1,-1,-1,-1,-1,-1,100%基础攻击伤害$深渊突进：突进技 全力向前冲刺后在原地释放能量并产生爆破将敌人击飞,100%基础攻击伤害$冲锋：突进技 快速向前冲刺一段距离将所有敌人击飞,连携一：王技影袭4+绝影3$恢复血量5%$,连携一：王技影袭4+绝影3$恢复血量5%$,3,3,高速突进技,高速突进技
21027,神技影袭5,4,a,10,52046,1014,10090,1014;1018,1014;1018,0,10092,-1,提高30%基础攻击力持续8秒,1014;1019,1014;1019,0,10093,-1,提高30%基础攻击力持续8秒,-1,-1,-1,-1,-1,-1,-1,-1,-1,-1,-1,-1,-1,-1,-1,-1,-1,-1,120%基础攻击伤害$哀嚎之刺：连续技 向前冲刺一段距离将敌人挑空 随后在原地释放暗黑能量球爆炸并立刻向后退出一段距离,120%基础攻击伤害$暴怒连冲：连续技 聚集力量发动快速冲刺攻击三次 将所有敌人挑空,连携一：神技影袭5+暗影3$提高30%基础攻击力持续8秒$连携二：神技影袭5+暗影4$提高30%基础攻击力持续8秒$,连携一：神技影袭5+暗影3$提高30%基础攻击力持续8秒$连携二：神技影袭5+暗影3+暗影2$提高30%基础攻击力持续8秒$,4,3,连续多段技,高速突进技
21028,圣技影袭5,5,s,11,52047,1014,10091,1014;1015,1014;1015,0,10094,-1,提高30%防御力持续8秒,1014;1016,1014;1016,0,10095,-1,提高30%防御力持续8秒,1014;1018;1023,1014;1018;1023,0,10096,-1,提高30%防御力持续8秒,-1,-1,-1,-1,-1,-1,-1,-1,-1,-1,-1,-1,140%基础攻击伤害$哀嚎之刺：连续技 向前冲刺一段距离将敌人挑空 随后在原地释放暗黑能量球爆炸并立刻向后退出一段距离,140%基础攻击伤害$暴怒连冲：连续技 聚集力量发动快速冲刺攻击三次 将所有敌人挑空,连携一：圣技影袭5+百裂斩4$提高30%防御力持续8秒$连携二：圣技影袭5+百裂斩5$提高30%防御力持续8秒$连携三：圣技影袭5+暗影3+斩舞3$提高30%防御力持续8秒$,连携一：圣技影袭5+百裂斩4$提高30%防御力持续8秒$连携二：圣技影袭5+百裂斩4$提高30%防御力持续8秒$连携三：圣技影袭5+百裂斩4+斩舞3$提高30%防御力持续8秒$,4,3,连续多段技,高速突进技
21029,神技百裂斩4,4,a,13,52048,1015,10103,1015;1028,1015;1021,0,10105,-1,提高30%暴击属性持续8秒 ,1015;1018,1015;1023,0,10106,-1,提高30%暴击属性持续8秒 ,-1,-1,-1,-1,-1,-1,-1,-1,-1,-1,-1,-1,-1,-1,-1,-1,-1,-1,120%基础攻击伤害$荣耀圣令：连续技 缓慢向前移动并快速挥舞武器将敌人击退,120%基础攻击伤害$天空一击：连续技 双手持武器向上跳起旋转攻击 将敌人挑向空中,连携一：神技百裂斩4+绝影5$提高30%暴击属性持续8秒$连携二：神技百裂斩4+暗影3$提高30%暴击属性持续8秒$,连携一：神技百裂斩4+斩舞1$提高30%暴击属性持续8秒$连携二：神技百裂斩4+斩舞3$提高30%暴击属性持续8秒$,4,2,连续多段技,挑空升龙技
21030,圣技百裂斩4,5,s,11,52049,1015,10104,1015;1012,1015;1022,0,10107,-1,提高30%防御力持续8秒,1015;1012,1015;1021,0,10108,-1,提高30%防御力持续8秒,1015;1012;1017,1015;1021;1019,0,10109,-1,提高30%防御力持续8秒,-1,-1,-1,-1,-1,-1,-1,-1,-1,-1,-1,-1,140%基础攻击伤害$荣耀圣令：连续技 缓慢向前移动并快速挥舞武器将敌人击退,140%基础攻击伤害$天空一击：连续技 双手持武器向上跳起旋转攻击 将敌人挑向空中,连携一：圣技百裂斩4+影袭3$提高30%防御力持续8秒$连携二：圣技百裂斩4+影袭3$提高30%防御力持续8秒$连携三：圣技百裂斩4+影袭3+暗影2$提高30%防御力持续8秒$,连携一：圣技百裂斩4+斩舞2$提高30%防御力持续8秒$连携二：圣技百裂斩4+斩舞1$提高30%防御力持续8秒$连携三：圣技百裂斩4+斩舞1+暗影4$提高30%防御力持续8秒$,4,2,连续多段技,挑空升龙技
21031,神技百裂斩5,4,a,12,52055,1016,10110,1016;1017,1016;1021,0,10112,-1,提高30%破击属性持续8秒,1016;1024;1017,1016;1023,0,10113,-1,提高30%破击属性持续8秒,-1,-1,-1,-1,-1,-1,-1,-1,-1,-1,-1,-1,-1,-1,-1,-1,-1,-1,120%基础攻击伤害$强化荣耀圣令：终结技 缓慢向前移动并快速挥舞武器将敌人击退 最后一击将敌人击倒,120%基础攻击伤害$强化天空一击：终结技 双手持武器向上跳起发动多次旋转攻击 将敌人挑向更高的空中,连携一：神技百裂斩5+暗影2$提高30%破击属性持续8秒$连携二：神技百裂斩5+斩舞3+暗影2$提高30%破击属性持续8秒$,连携一：神技百裂斩5+斩舞1$提高30%破击属性持续8秒$连携二：神技百裂斩5+斩舞3$提高30%破击属性持续8秒$,5,2,强力终结技,挑空升龙技
21032,圣技百裂斩5,5,s,13,52056,1016,10111,1016;1005,1016;1022,0,10114,-1,提高30%暴击属性持续8秒 ,1016;1005,1016;1021,0,10115,-1,提高30%暴击属性持续8秒 ,1016;1005,1016;1012;1011,0,10116,-1,提高30%暴击属性持续8秒 ,-1,-1,-1,-1,-1,-1,-1,-1,-1,-1,-1,-1,140%基础攻击伤害$强化荣耀圣令：终结技 缓慢向前移动并快速挥舞武器将敌人击退 最后一击将敌人击倒,140%基础攻击伤害$强化天空一击：终结技 双手持武器向上跳起发动多次旋转攻击 将敌人挑向更高的空中,连携一：圣技百裂斩5+百裂斩1$提高30%暴击属性持续8秒$连携二：圣技百裂斩5+百裂斩1$提高30%暴击属性持续8秒$连携三：圣技百裂斩5+百裂斩1$提高30%暴击属性持续8秒$,连携一：圣技百裂斩5+斩舞2$提高30%暴击属性持续8秒$连携二：圣技百裂斩5+斩舞1$提高30%暴击属性持续8秒$连携三：圣技百裂斩5+影袭3+轰焰1$提高30%暴击属性持续8秒$,5,2,强力终结技,挑空升龙技
21033,神技暗影2,4,a,9,52059,1017,10120,1017;1019,1017;1027,0,10122,-1,恢复血量8% ,1017;1016;1021,1017;1021,0,10123,-1,恢复血量15%,-1,-1,-1,-1,-1,-1,-1,-1,-1,-1,-1,-1,-1,-1,-1,-1,-1,-1,120%基础攻击伤害$鬼手拉：连续技 召唤恶鬼之手将敌人拉向自己,120%基础攻击伤害$爆裂斩：连续技 将大剑中灌注满能量向前跳跃砍击将敌人击飞,连携一：神技暗影2+暗影4$恢复血量8%$连携二：神技暗影2+百裂斩5+斩舞1$恢复血量15%$,连携一：神技暗影2+轰焰4$恢复血量8%$连携二：神技暗影2+斩舞1$恢复血量15%$,4,4,连续多段技,连续多段技
21034,圣技暗影2,5,s,11,52060,1017,10121,1017;1023,1017;1003,0,10124,-1,提高30%防御力持续8秒,1017;1005,1017;1005,0,10125,-1,提高30%防御力持续8秒,1017;1019;1023,1017;1005;1018,0,10126,-1,提高30%防御力持续8秒,-1,-1,-1,-1,-1,-1,-1,-1,-1,-1,-1,-1,140%基础攻击伤害$鬼手拉：连续技 召唤恶鬼之手将敌人拉向自己,140%基础攻击伤害$爆裂斩：连续技 将大剑中灌注满能量向前跳跃砍击将敌人击飞,连携一：圣技暗影2+斩舞3$提高30%防御力持续8秒$连携二：圣技暗影2+暗影4$提高30%防御力持续8秒$连携三：圣技暗影2+暗影4+斩舞3$提高30%防御力持续8秒$,连携一：圣技暗影2+绝影1$提高30%防御力持续8秒$连携二：圣技暗影2+百裂斩1$提高30%防御力持续8秒$连携三：圣技暗影2+百裂斩1+暗影3$提高30%防御力持续8秒$,4,4,连续多段技,连续多段技
21035,神技暗影3,4,a,10,52063,1018,10130,1018;1023,1018;1029,0,10132,-1,提高30%基础攻击力持续8秒,1018;1023;1025,1018;1023,0,10133,-1,提高30%基础攻击力持续8秒,-1,-1,-1,-1,-1,-1,-1,-1,-1,-1,-1,-1,-1,-1,-1,-1,-1,-1,120%基础攻击伤害$鬼手推：连续技 召唤恶鬼之手将敌人向前推出一段距离并产生爆破将敌人挑空,120%基础攻击伤害$怒焰刺：连续技 旋转手中的大剑随后向前刺击将敌人击飞,连携一：神技暗影3+斩舞3$提高30%基础攻击力持续8秒$连携二：神技暗影3+斩舞3+影袭3$提高30%基础攻击力持续8秒$,连携一：神技暗影3+绝影6$提高30%基础攻击力持续8秒$连携二：神技暗影3+斩舞3$提高30%基础攻击力持续8秒$,4,4,连续多段技,连续多段技
21036,圣技暗影3,5,s,13,52064,1018,10131,1018;1017,1018;1019,0,10134,-1,提高30%暴击属性持续8秒 ,1018;1017,1018;1027,0,10135,-1,提高30%暴击属性持续8秒 ,1018;1027;1030,1018;1017;1019,0,10136,-1,提高30%暴击属性持续8秒 ,-1,-1,-1,-1,-1,-1,-1,-1,-1,-1,-1,-1,140%基础攻击伤害$鬼手推：连续技 召唤恶鬼之手将敌人向前推出一段距离并产生爆破将敌人挑空,140%基础攻击伤害$怒焰刺：连续技 旋转手中的大剑随后向前刺击将敌人击飞,连携一：圣技暗影3+暗影2$提高30%暴击属性持续8秒$连携二：圣技暗影3+暗影2$提高30%暴击属性持续8秒$连携三：圣技暗影3+暗影2+暗影4$提高30%暴击属性持续8秒$,连携一：圣技暗影3+暗影4$提高30%暴击属性持续8秒$连携二：圣技暗影3+轰焰4$提高30%暴击属性持续8秒$连携三：圣技暗影3+轰焰4+绝影7$提高30%暴击属性持续8秒$,4,4,连续多段技,连续多段技
21037,圣技暗影4,5,s,13,52068,1019,10140,1019;1021,1019;1030,0,10141,-1,提高30%暴击属性持续8秒 ,1019;1029,1019;1021,0,10142,-1,提高30%暴击属性持续8秒 ,1019;1029;1021,1019;1003;1023,0,10143,-1,提高30%暴击属性持续8秒 ,-1,-1,-1,-1,-1,-1,-1,-1,-1,-1,-1,-1,140%基础攻击伤害$鬼手砸：终结技 召唤恶鬼之手向地面释放强力冲击并产生爆炸 将敌人击倒,140%基础攻击伤害$烈焰斩：终结技 全力挥舞武器并释放出三个能量球将所有敌人击飞,连携一：圣技暗影4+斩舞1$提高30%暴击属性持续8秒$连携二:圣技暗影4+绝影6$提高30%暴击属性持续8秒$连携三：圣技暗影4+绝影6+斩舞1$提高30%暴击属性持续8秒$,连携一：圣技暗影4+绝影7$提高30%暴击属性持续8秒$连携二:圣技暗影4+斩舞1$提高30%暴击属性持续8秒$连携三：圣技暗影4+绝影1+斩舞3$提高30%暴击属性持续8秒$,5,5,强力终结技,强力终结技
21038,战技暗影5,1,d,10,52069,1020,10150,-1,-1,0,-1,-1,-1,-1,-1,-1,-1,-1,-1,-1,-1,-1,-1,-1,-1,-1,-1,-1,-1,-1,-1,-1,-1,-1,-1,-1,-1,60%基础攻击伤害$鬼手抓：连续技 向前一小段距离召唤恶鬼之手对敌人释放持续攻击,60%基础攻击伤害$连环爆裂：连续技 将大剑中灌注满能量后向地面重击 随后地面向上喷出三道能量柱将敌人击向空中,没有连携效果,没有连携效果,4,2,连续多段技,挑空升龙技
21039,魔技暗影5,2,c,9,52070,1020,10151,-1,-1,0,-1,-1,-1,-1,-1,-1,-1,-1,-1,-1,-1,-1,-1,-1,-1,-1,-1,-1,-1,-1,-1,-1,-1,-1,-1,-1,-1,80%基础攻击伤害$鬼手抓：连续技 向前一小段距离召唤恶鬼之手对敌人释放持续攻击,80%基础攻击伤害$连环爆裂：连续技 将大剑中灌注满能量后向地面重击 随后地面向上喷出三道能量柱将敌人击向空中,没有连携效果,没有连携效果,4,2,连续多段技,挑空升龙技
21040,王技暗影5,3,b,11,52072,1020,10152,1020;1022,1020;1006,0,10153,-1,提高20%防御力持续8秒,-1,-1,-1,-1,-1,-1,-1,-1,-1,-1,-1,-1,-1,-1,-1,-1,-1,-1,-1,-1,-1,-1,-1,-1,100%基础攻击伤害$鬼手抓：连续技 向前一小段距离召唤恶鬼之手对敌人释放持续攻击,100%基础攻击伤害$连环爆裂：连续技 将大剑中灌注满能量后向地面重击 随后地面向上喷出三道能量柱将敌人击向空中,连携一：王技暗影5+斩舞2$提高20%防御力持续8秒$,连携一：王技暗影5+百裂斩2$提高20%防御力持续8秒$,4,2,连续多段技,挑空升龙技
21041,圣技斩舞1,5,s,9,52080,1021,10164,1021;1023,1021;1027,0,10165,-1,恢复血量10%,1021;1027,1021;1027,0,10166,-1,恢复血量20%,1021;1027;1025,1021;1027;1025,0,10167,-1,恢复血量30%,-1,-1,-1,-1,-1,-1,-1,-1,-1,-1,-1,-1,140%基础攻击伤害$鬼刺水平：挑空技 挥舞武器召唤出三道地刺将敌人击向空中,140%基础攻击伤害$激光炮平：挑空技 解放大剑中的巨炮向前轰击将所有敌人击飞,连携一：圣技斩舞1+斩舞3$恢复血量10%$连携二：圣技斩舞1+轰焰4$恢复血量20%$连携三：圣技斩舞1+轰焰4+轰焰3$恢复血量30%$,连携一：圣技斩舞1+轰焰4$恢复血量10%$连携二：圣技斩舞1+轰焰4$恢复血量20%$连携三：圣技斩舞1+轰焰4+轰焰2$恢复血量30%$,2,4,挑空升龙技,连续多段技
21042,战技斩舞2,1,d,9,52081,1022,10175,-1,-1,0,-1,-1,-1,-1,-1,-1,-1,-1,-1,-1,-1,-1,-1,-1,-1,-1,-1,-1,-1,-1,-1,-1,-1,-1,-1,-1,-1,60%基础攻击伤害$鬼刺斜上：连续技 挥舞武器召唤出三道地刺将敌人向前击飞,60%基础攻击伤害$激光炮斜：连续技 解放大剑中的巨炮向斜上轰击将所有敌人击飞,没有连携效果,没有连携效果,4,4,连续多段技,连续多段技
21043,魔技斩舞2,2,c,13,52082,1022,10176,-1,-1,0,-1,-1,-1,-1,-1,-1,-1,-1,-1,-1,-1,-1,-1,-1,-1,-1,-1,-1,-1,-1,-1,-1,-1,-1,-1,-1,-1,80%基础攻击伤害$鬼刺斜上：连续技 挥舞武器召唤出三道地刺将敌人向前击飞,80%基础攻击伤害$激光炮斜：连续技 解放大剑中的巨炮向斜上轰击将所有敌人击飞,没有连携效果,没有连携效果,4,4,连续多段技,连续多段技
21044,王技斩舞2,3,b,12,52083,1022,10177,1022;1020,1022;1020,0,10178,-1,提高20%破击属性持续8秒,-1,-1,-1,-1,-1,-1,-1,-1,-1,-1,-1,-1,-1,-1,-1,-1,-1,-1,-1,-1,-1,-1,-1,-1,100%基础攻击伤害$鬼刺斜上：连续技 挥舞武器召唤出三道地刺将敌人向前击飞,100%基础攻击伤害$激光炮斜：连续技 解放大剑中的巨炮向斜上轰击将所有敌人击飞,连携一：王技斩舞2+暗影5$提高20%破击属性持续8秒$,连携一：王技斩舞2+暗影5$提高20%破击属性持续8秒$,4,4,连续多段技,连续多段技
21045,圣技斩舞3,5,s,11,52092,1023,10188,1023;1028,1023;1021,0,10189,-1,提高30%防御力持续8秒,1023;1029,1023;1012,0,10190,-1,提高30%防御力持续8秒,1023;1027;1028,1023;1012;1011,0,10191,-1,提高30%防御力持续8秒,-1,-1,-1,-1,-1,-1,-1,-1,-1,-1,-1,-1,140%基础攻击伤害$鬼影鞭多段：连续技 使用暗黑能量幻化出鬼影鞭向前持续挥舞将敌人挑空,140%基础攻击伤害$聚能炮：连续技 释放大剑中的巨炮向前冲刺一段距离并爆炸将敌人挑空,连携一：圣技斩舞3+绝影5$提高30%防御力持续8秒$连携二：圣技斩舞3+绝影6$提高30%防御力持续8秒$连携三：圣技斩舞3+轰焰4+绝影5$提高30%防御力持续8秒$,连携一：圣技斩舞3+斩舞1$提高30%防御力持续8秒$连携二：圣技斩舞3+影袭3$提高30%防御力持续8秒$连携三：圣技斩舞3+影袭3+轰焰1$提高30%防御力持续8秒$,4,3,连续多段技,高速突进技
21046,圣技斩舞4,5,s,13,52100,1024,10200,1024;1027,1024;1027,0,10201,-1,提高30%暴击属性持续8秒 ,1024;1015,1024;1015,0,10202,-1,提高30%暴击属性持续8秒 ,1024;1015;1025,1024;1015;1025,0,10203,-1,提高30%暴击属性持续8秒 ,-1,-1,-1,-1,-1,-1,-1,-1,-1,-1,-1,-1,140%基础攻击伤害$鬼影鞭单段：挑空技 使用暗黑能量幻化出鬼影鞭向前大力挥舞将敌人挑空,140%基础攻击伤害$粒子炮：挑空技 解放大剑中的巨炮向前喷出一个浓缩粒子能量球 随后爆炸将敌人挑空,连携一：圣技斩舞4+轰焰4$提高30%暴击属性持续8秒$连携二：圣技斩舞4+百裂斩4$提高30%暴击属性持续8秒$连携三：圣技斩舞4+百裂斩4+轰焰2$提高30%暴击属性持续8秒$,连携一：圣技斩舞4+百裂斩4$提高30%暴击属性持续8秒$连携二：圣技斩舞4+百裂斩4$提高30%暴击属性持续8秒$连携三：圣技斩舞4+百裂斩4+轰焰2$提高30%暴击属性持续8秒$,2,4,挑空升龙技,连续多段技
21047,圣技轰焰2,5,s,9,52102,1025,10215,1025;1029,1025;1029,0,10216,-1,恢复血量10%,1025;1026,1025;1026,0,10217,-1,恢复血量20%,1025;1027;1026,1025;1027;1026,0,10218,-1,恢复血量30%,-1,-1,-1,-1,-1,-1,-1,-1,-1,-1,-1,-1,140%基础攻击伤害$修罗眼：终结技 召唤出修罗之眼并爆炸将所有敌人击飞,140%基础攻击伤害$粒子对撞：终结技 解放大剑中的巨炮向后方轰击 产生的爆炸力将自己向前推出产生强力冲撞将敌人撞飞,连携一：圣技轰焰2+绝影6$恢复血量10%$连携二：圣技轰焰2+轰焰3$恢复血量20%$连携三：圣技轰焰2+轰焰4+轰焰3$恢复血量30%$,连携一：圣技轰焰2+轰焰3$恢复血量10%$连携二：圣技轰焰2+轰焰3$恢复血量20%$连携三：圣技轰焰2+轰焰3$恢复血量30%$,5,5,强力终结技,强力终结技
21048,圣技轰焰3,5,s,11,52106,1026,10220,1026;1023,1026;1023,0,10221,-1,提高30%防御力持续8秒,1026;1029,1026;1029,0,10222,-1,提高30%防御力持续8秒,1026;1029;1019,1026;1029;1019,0,10223,-1,提高30%防御力持续8秒,-1,-1,-1,-1,-1,-1,-1,-1,-1,-1,-1,-1,140%基础攻击伤害$召唤守卫：挑空技 召唤出鬼兵向前释放三道刀光将所有敌人挑空,140%基础攻击伤害$高速炮：挑空技 解放大剑中的巨炮向前喷出多个能量炮将敌人击退,连携一：圣技轰焰3+斩舞3$提高30%防御力持续8秒$连携二：圣技轰焰3+绝影6$提高30%防御力持续8秒$连携三：圣技轰焰3+绝影6+暗影4$提高30%防御力持续8秒$,连携一：圣技轰焰3$提高30%防御力持续8秒$连携二：圣技轰焰3$提高30%防御力持续8秒$连携三：圣技轰焰3$提高30%防御力持续8秒$,2,4,挑空升龙技,连续多段技
21049,圣技轰焰4,5,s,12,52109,1027,10228,1027;1028,1027;1011,0,10229,-1,提高30%破击属性持续8秒,1027;1023,1027;1011,0,10230,-1,提高30%破击属性持续8秒,1027;1023;1015,1027;1011,0,10231,-1,提高30%破击属性持续8秒,-1,-1,-1,-1,-1,-1,-1,-1,-1,-1,-1,-1,140%基础攻击伤害$召唤乌鸦：连续技 召唤出邪恶乌鸦群将敌人向前击飞,140%基础攻击伤害$强化高速炮：连续技 解放大剑中的巨炮向前方射出扇形多个能量球将敌人击向空中,连携一：圣技轰焰4+绝影5$提高30%破击属性持续8秒$连携二：圣技轰焰4+斩舞3$提高30%破击属性持续8秒$连携三：圣技轰焰4+斩舞3+百裂斩4$提高30%破击属性持续8秒$,连携一：圣技轰焰4+轰焰1$提高30%破击属性持续8秒$连携二：圣技轰焰4+轰焰1$提高30%破击属性持续8秒$连携三：圣技轰焰4+轰焰1$提高30%破击属性持续8秒$,4,4,连续多段技,连续多段技
21050,神技绝影5,4,a,11,52111,1028,10235,1028;1018,1028;1030,0,10237,-1,提高30%防御力持续8秒,1028;1019;1027,1028;1012,0,10238,-1,提高30%防御力持续8秒,-1,-1,-1,-1,-1,-1,-1,-1,-1,-1,-1,-1,-1,-1,-1,-1,-1,-1,120%基础攻击伤害$鬼影重重单：挑空技 聚集能量向前快速冲刺 将被攻击到的敌人挑空,120%基础攻击伤害$电磁炸弹：挑空技 向前扔出一个电磁炸弹随后产生爆炸将敌人击向空中,连携一：神技绝影5+暗影3$提高30%防御力持续8秒$连携二：神技绝影5+暗影4+轰焰4$提高30%防御力持续8秒$,连携一：神技绝影5+绝影7$提高30%防御力持续8秒$连携二：神技绝影5+影袭3$提高30%防御力持续8秒$,2,4,挑空升龙技,连续多段技
21051,圣技绝影5,5,s,12,52112,1028,10236,1028;1019,1028;1009,0,10239,-1,提高30%破击属性持续8秒,1028;1021,1028;1023,0,10240,-1,提高30%破击属性持续8秒,1028;1021;1030,1028;1021;1030,0,10241,-1,提高30%破击属性持续8秒,-1,-1,-1,-1,-1,-1,-1,-1,-1,-1,-1,-1,140%基础攻击伤害$鬼影重重单：挑空技 聚集能量向前快速冲刺 将被攻击到的敌人挑空,140%基础攻击伤害$电磁炸弹：挑空技 向前扔出一个电磁炸弹随后产生爆炸将敌人击向空中,连携一：圣技绝影5+暗影4$提高30%破击属性持续8秒$连携二：圣技绝影5+斩舞1$提高30%破击属性持续8秒$连携三：圣技绝影5+斩舞1+绝影7$提高30%破击属性持续8秒$,连携一：圣技绝影5+绝影4$提高30%破击属性持续8秒$连携二：圣技绝影5+斩舞3$提高30%破击属性持续8秒$连携三：圣技绝影5+斩舞1+绝影7$提高30%破击属性持续8秒$,2,4,挑空升龙技,连续多段技
21052,圣技绝影6,5,s,9,52115,1029,10242,1029;1021,1029;1003,0,10243,-1,恢复血量10%,1029;1023,1029;1011,0,10244,-1,恢复血量20%,1029;1023;1021,1029;1012;1023,0,10245,-1,恢复血量30%,-1,-1,-1,-1,-1,-1,-1,-1,-1,-1,-1,-1,140%基础攻击伤害$鬼影重重多：连续技 聚集能量向前快速冲刺三次 将被攻击到的敌人挑空,140%基础攻击伤害$高爆炸弹：连续技 向前扔出三个高爆炸弹立刻产生爆炸将敌人击向空中,连携一：圣技绝影6+斩舞1$恢复血量10%$连携二：圣技绝影6+斩舞3$恢复血量20%$连携三：圣技绝影6+斩舞3+斩舞1$恢复血量30%$,连携一：圣技绝影6+绝影1$恢复血量10%$连携二：圣技绝影6+轰焰1$恢复血量20%$连携三：圣技绝影6+影袭3+斩舞3$恢复血量30%$,4,4,连续多段技,连续多段技
21053,圣技绝影7,5,s,9,52123,1030,10249,1030;1027,1030;1012,0,10250,-1,恢复血量10%,1030;1012,1030;1012,0,10251,-1,恢复血量20%,1030;1012;1016,1030;1012;1027,0,10252,-1,恢复血量30%,-1,-1,-1,-1,-1,-1,-1,-1,-1,-1,-1,-1,140%基础攻击伤害$鬼影重重飞：挑空技 聚集能量向上来回冲刺将敌人挑上空中后 全力向下劈斩将所有敌人击飞,140%基础攻击伤害$光刃突袭：挑空技 快速挥动武器向前冲刺将所有敌人击飞,连携一：圣技绝影7+轰焰4$恢复血量10%$连携二：圣技绝影7+影袭3$恢复血量20%$连携三：圣技绝影7+影袭3+百裂斩5$恢复血量30%$,连携一：圣技绝影7+影袭3$恢复血量10%$连携二：圣技绝影7+影袭3$恢复血量20%$连携三：圣技绝影7+影袭3+轰焰4$恢复血量30%$,2,3,挑空升龙技,高速突进技
21054,终技轰焰3,6,ss,10,52106,1026,10366,1026,1026,0,10366,-1,提高40%基础攻击力持续8秒,1026,1026,0,10366,-1,提高40%基础攻击力持续8秒,1026,1026,0,10366,-1,提高40%基础攻击力持续8秒,-1,-1,-1,-1,-1,-1,-1,-1,-1,-1,-1,-1,120%基础攻击伤害$鬼手推：连续技 召唤恶鬼之手将敌人向前推出一段距离并产生爆破将敌人挑空,120%基础攻击伤害$怒焰刺：连续技 旋转手中的大剑随后向前刺击将敌人击飞,连携一：终技轰焰3$提高40%基础攻击力持续8秒$连携二：终技轰焰3$提高40%基础攻击力持续8秒$连携三：终技轰焰3$提高40%基础攻击力持续8秒$,连携一：终技轰焰3$提高40%基础攻击力持续8秒$连携二：终技轰焰3$提高40%基础攻击力持续8秒$连携三：终技轰焰3$提高40%基础攻击力持续8秒$,4,4,连续多段技,连续多段技
21055,终技暗影4,6,ss,10,52068,1019,10367,1019,1019,0,10367,-1,提高40%基础攻击力持续8秒,1019,1019,0,10367,-1,提高40%基础攻击力持续8秒,1019,1019,0,10367,-1,提高40%基础攻击力持续8秒,-1,-1,-1,-1,-1,-1,-1,-1,-1,-1,-1,-1,120%基础攻击伤害$鬼手推：连续技 召唤恶鬼之手将敌人向前推出一段距离并产生爆破将敌人挑空,120%基础攻击伤害$怒焰刺：连续技 旋转手中的大剑随后向前刺击将敌人击飞,连携一：终技暗影4$提高40%基础攻击力持续8秒$连携二：终技暗影4$提高40%基础攻击力持续8秒$连携三：终技暗影4$提高40%基础攻击力持续8秒$,连携一：终技暗影4$提高40%基础攻击力持续8秒$连携二：终技暗影4$提高40%基础攻击力持续8秒$连携三：终技暗影4$提高40%基础攻击力持续8秒$,4,5,连续多段技,强力终结技
21056,终技轰焰1,6,ss,10,52037,1011,10368,1011,1011,0,10368,-1,提高40%基础攻击力持续8秒,1011,1011,0,10368,-1,提高40%基础攻击力持续8秒,1011,1011,0,10368,-1,提高40%基础攻击力持续8秒,-1,-1,-1,-1,-1,-1,-1,-1,-1,-1,-1,-1,120%基础攻击伤害$鬼手推：连续技 召唤恶鬼之手将敌人向前推出一段距离并产生爆破将敌人挑空,120%基础攻击伤害$怒焰刺：连续技 旋转手中的大剑随后向前刺击将敌人击飞,连携一：终技轰焰1$提高40%基础攻击力持续8秒$连携二：终技轰焰1$提高40%基础攻击力持续8秒$连携三：终技轰焰1$提高40%基础攻击力持续8秒$,连携一：终技轰焰1$提高40%基础攻击力持续8秒$连携二：终技轰焰1$提高40%基础攻击力持续8秒$连携三：终技轰焰1$提高40%基础攻击力持续8秒$,4,5,连续多段技,强力终结技
